Title,Link
Top 10 Green Building Materials for Sustainable Construction,//duckduckgo.com/l/?uddg=https%3A%2F%2Fwww.clarisdesignbuild.com%2Ftop%2D10%2Dgreen%2Dbuilding%2Dmaterials%2Dfor%2Dsustainable%2Dconstruction%2F&rut=e613e41589b9c032639ac7d2a0c27fa6eb919630ceda28e3fad62d1ae5d0107f
30+ Green Housing Materials Explained: The Ultimate Guide to Eco ...,//duckduckgo.com/l/?uddg=https%3A%2F%2Fofhousesandtrees.com%2Fgreen%2Dhousing%2Dmaterials%2F&rut=f60ae46248c1775626fad822c12b3cb0db0396684a5b01ec3ef50b240d0c9534
10 Sustainable Building Materials for Eco-Friendly Construction,//duckduckgo.com/l/?uddg=https%3A%2F%2Ftheconstructor.org%2Fsustainability%2F10%2Dsustainable%2Dbuilding%2Dmaterials%2Dfor%2Deco%2Dfriendly%2Dconstruction%2F569864%2F&rut=6e25f931a7e1086ac11c34d3a54a78c1b87caabd5057467c402042c30d058eb0
20 Sustainable Building Materials for an Eco-Friendly Home,//duckduckgo.com/l/?uddg=https%3A%2F%2Fgreencitizen.com%2Fblog%2Fsustainable%2Dbuilding%2Dmaterials%2F&rut=b9e66e0cba11a2738d37bd99903e060c383be9d7aac7a315641c0e1302f2903a
"Green Building Materials: Aim, Components, Features, and List",//duckduckgo.com/l/?uddg=https%3A%2F%2Fwww.earthreminder.com%2Fgreen%2Dbuilding%2Dmaterials%2F&rut=3394a9e29bfcfdb0c3ead5f7907698d976e0ffe4706e7d1c1c7d32b37e9daa4b
29 Sustainable Building Materials You Can Use Today,//duckduckgo.com/l/?uddg=https%3A%2F%2Fbuildingrenewable.com%2Fsustainable%2Dbuilding%2Dmaterials%2F&rut=c91708816e6e6029a15e7f70e5bbb8853e771c4591f712627d98a6ecd9afebcb
What Are Green Building Materials and How To Source Them,//duckduckgo.com/l/?uddg=https%3A%2F%2Fsampleboard.com%2Fwhat%2Dare%2Dgreen%2Dbuilding%2Dmaterials%2Dand%2Dhow%2Dto%2Dsource%2Dthem%2F&rut=d100daba8fd741252116d37a816046b5fe9afbfb88e4c680f63644e592d01d29
Sustainable Building Materials: A Complete Guide - UGREEN,//duckduckgo.com/l/?uddg=https%3A%2F%2Fugreen.io%2F10%2Dsustainable%2Dbuilding%2Dmaterials%2F&rut=f5615bb589268e0d2cce32ea72726c8e5e5c05a1719fc951233044b968d6880c
20 Sustainable Building Materials for a Greener Future,//duckduckgo.com/l/?uddg=https%3A%2F%2Fwww.bigrentz.com%2Fblog%2Fsustainable%2Dconstruction&rut=edda5dc7cff54019cb8fe1e40617cf877e69548bc9a72fcd87dc153c3b9d9119
Top 21 Sustainable Construction Materials for Green Buildings,//duckduckgo.com/l/?uddg=https%3A%2F%2Fnyggs.com%2Fblog%2Fsustainable%2Dconstruction%2Dmaterials%2F&rut=577279b2845d2ef39cd425e464bd65a2498859c0b6c984f8eb7d60d0ff512e87
Top Sustainable Building Materials for Eco-Friendly Construction,//duckduckgo.com/l/?uddg=https%3A%2F%2Fgreenbuildingsolutions.org%2Ftop%2Dsustainable%2Dbuilding%2Dmaterials%2Dfor%2Deco%2Dfriendly%2Dconstruction%2F&rut=5ff1f1297ab75c4e048135633415d0d32e96387bed657c008473f2841652344c
