title,link,published,fetched_at,keyword
"Sustainable Construction Materials Market Report 2025-2034: Bamboo Emerges as $214.3 Billion Star in Sustainable Construction as Builders Seek Fast-Growing, Low-Carbon Alternatives - Yahoo Finance",https://news.google.com/rss/articles/CBMimgFBVV95cUxOS25pd1dnNTdqRlVPUmw1RTM3U2wzcy1LWXpfRjJfWVNqUHNNRzFEZG85YWIyQnY5dVJQTzBDa2JsdHlVczFFMFdLOEFFaG05cF9oaE9VWFdWdV9aMDRCYV9KMjEwU1I5NlhoRnoyZy10RkVzOFJkRldhXzRfMjFxb2p3SjZBTEVCbE5UT3VPRi00RFVPdkFTWFpR?oc=5,"Thu, 01 May 2025 16:04:00 GMT",2025-05-08T14:06:17.293458,green construction materials
EPA unveils labels for green construction materials - Construction Dive,https://news.google.com/rss/articles/CBMimwFBVV95cUxNZXI5bDA1TmdTeEo0Ym1ZU2JKbU94cWpNZnVCc1Nwd25VRlZiMlVGcFJqR2pVcWM1aGVIVEpaN3dqczF6S242eEwwTlVCQ2pVTFVadXVxNzVqR1lmZmhBUmlQalJzSXZDN21OQUxfQWsxd05jRC1hYzhTQ1FmaTVxX1dmbXZRN3lGMFk5MjFOZGRma1ptY3h1UG9PMA?oc=5,"Fri, 09 Aug 2024 07:00:00 GMT",2025-05-08T14:06:17.293494,green construction materials
"Renovations, sustainable building materials can boost Europe’s green transition - European Environment Agency",https://news.google.com/rss/articles/CBMijgFBVV95cUxOaVowdHJiX0E0bzZwNFBPajh5MkZFVDlnaGJtMF85M3NlNUpNellqcktUTUVvdEVEcDJFcHQ5WG9jTUpERzh6UUxNYXQtRHBEX2ppOWM3NFNnYkNyZTJWaHpsN1ktTDV4VUVSRXVJQlZteGFMM3NFa0xIaFcyMVlXT3Vxam5Cdy1qWUMwTDlR?oc=5,"Mon, 30 Sep 2024 07:00:00 GMT",2025-05-08T14:06:17.293505,green construction materials
Swedish startup receives funding to transform construction waste into green building materials - ArcticStartup - ArcticStartup,https://news.google.com/rss/articles/CBMiY0FVX3lxTE9jVTczZ09Jb05XYzJ6cjZrMGpoVTBoanRKUl9rbVVOQUdWRkc2TXdkRVY2VjhNNnlISDZ2REpFdlRZYThwS25XU0hlZi1KWER5YUhoSHRTV0sza0N1a2pPMU5BRdIBY0FVX3lxTE9jVTczZ09Jb05XYzJ6cjZrMGpoVTBoanRKUl9rbVVOQUdWRkc2TXdkRVY2VjhNNnlISDZ2REpFdlRZYThwS25XU0hlZi1KWER5YUhoSHRTV0sza0N1a2pPMU5BRQ?oc=5,"Fri, 21 Feb 2025 08:00:00 GMT",2025-05-08T14:06:17.293525,green construction materials
"Sustainable Construction Materials Market Size, 2034 Report - Global Market Insights Inc.",https://news.google.com/rss/articles/CBMijwFBVV95cUxQb3dQREVNUVgxbnVOWHM4aUFTRDBmeUVacmRMbHZxU2U0eVl1MWJtaFRYMUxEclZPc2VHQVpOcEtVWkpacGVlb2pRU05INGMxWFlZcndmUGZWNnI2QkFIdU1IMEw1RWs2YlhZMkU4djIzLXJXc3NnUTByWk9YeDkyZVp1YnhRVDRwb1pvUXE3WQ?oc=5,"Fri, 08 Nov 2024 08:19:31 GMT",2025-05-08T14:06:17.293536,green construction materials
How Green Building is Shaping the Future of Construction - National Association of Home Builders | NAHB,https://news.google.com/rss/articles/CBMilAFBVV95cUxNd2tsUUJUZ1hRSl9YMktudHBhRXdJdVlNdkxRVk9YMUdldF9wUF9PNjdQZ2NyUXJ3V0JwRlk4OXV0V0pJTXpVSXp5UW5UTWRJaGVHTjl1elFhMGRKSlBiZmdodlNyczNWT1MwUjNCZnRFQ3IxRXR2cUtZeTFoSGZIaWpHZXNvLWZIdkh0WGdhVnpzZENS?oc=5,"Wed, 13 Nov 2024 08:00:00 GMT",2025-05-08T14:06:17.293546,green construction materials
Eco-friendly materials: the future of residential and commercial construction - Arizona Digital Free Press,https://news.google.com/rss/articles/CBMiswFBVV95cUxNemxPY2V0NVVMdHVudnZ5OVhOSS1CU0dYazFiMm96bDFmSGVVUzF5c2J4RkRvWHRodzhoZXAySWRsSnUtbDlFUlcwYW9rbXRSMDZSV1hlVjNvSXNpRlduMUVjT04xaWREZE1pa0VYaEFxMWxiLXRvS2J4NjBxM0FEYkd0V1JSSTNpSDVXbjJUZnlaOVhBME8yNmlDLTIyV29RTWNQclhGdjh0bThBcW1JNlF3aw?oc=5,"Thu, 27 Feb 2025 08:00:00 GMT",2025-05-08T14:06:17.293555,green construction materials
How Schneider Electric Leverages Data for Green Construction - Technology Magazine,https://news.google.com/rss/articles/CBMisgFBVV95cUxNdjJjbmg0SVJvbjdhVnNMMGNZZXhERFEwRDRxYU1iMWU4SjBueWNzTmthNTFEbHR5SW11b1p2M2VnMG5HcGs2NkNLSlpGQkZBRXFNTmJLODlfb0RVbUc1Nzltd3BWbVFPaE1LenY5V05jVmZHeDJBbHFMbnhfWXRNdUs4dTB5WGEzZFJFZVd5VGJoaGh0eGhyV2pPcE1aaVB0TV9UYTA1UlQxeVF4YTdiVDR3?oc=5,"Thu, 17 Apr 2025 07:00:00 GMT",2025-05-08T14:06:17.293565,green construction materials
Saint-Gobain CEO argues green construction materials are cheaper in the long run - Fortune,https://news.google.com/rss/articles/CBMilAFBVV95cUxOblJTMlNOV1VtNGJVTHN3UzRHZnVhN043VmtvakhRRjRkQ1lLX29LaUhvYU9xRU5IQjZOUThsN3RxcFNxT0tOZThXUkJGbGhFaWpTd3ZnSy1ST2lXWWtoaDdvcG42d3VXOGh0ZXJtdDRqYnVmT201bWNrc3JtaG1TUkcxZVVHSGlpOExjMHEyRTdaM08z?oc=5,"Mon, 23 Sep 2024 07:00:00 GMT",2025-05-08T14:06:17.293575,green construction materials
Green Buildings on the Rise: Why Building Products Matter - Sustainalytics,https://news.google.com/rss/articles/CBMiyAFBVV95cUxPYmFEeTNGX09DdVNCMXRNM2psSGQzXzFEM2pTTkpwdlQ1X01mT1JGb3V0bjVzeUd1SG5ETWs1cjYwZGFBZjVrSWhQWGZfS1lUc0lBWXN5V2VYUGJuNTl4U1NKRXRMUm1IS0lUaWwtSUM1eEhDemx4NmwtLUZTenJiOThwU1pEQml6cFJLQWtzdTQtcW5SMDNyWU5sSWZmU2huN0tZMHBna2dCZElIMWZEbFRCTDlxUXNvR0stdXlFcm5kcGhvU2lVbQ?oc=5,"Fri, 18 Oct 2024 07:00:00 GMT",2025-05-08T14:06:17.293583,green construction materials
5 Top Trends Shaping Green Construction Practices in 2025 - Greener Ideal,https://news.google.com/rss/articles/CBMingFBVV95cUxPdktqUzl6ZkIyRk82NzVTWndXOFpLMUNpRlpjWXM5NmtFbmNsRFZmVXVQV2tJRkJ5SGppaUlhNzVCb0Fza0xwZ3gyX0gzRlhjMjdPbkszSlFVQzZpNWx3dkdWek5XQXFLTXJQNGJ2c0VieEkyd2lGT29tR1JmVFQwZ3d2X2dmSFh0T3BYMFpfeFNRSDFXOVdzVktJcUFEUQ?oc=5,"Wed, 08 Jan 2025 08:00:00 GMT",2025-05-08T14:06:17.293593,green construction materials
Top 10: Sustainable Building Materials Companies - Construction Digital,https://news.google.com/rss/articles/CBMijgFBVV95cUxOaDlIcXN1OVNiUnQyQ3p3OUJyYU0tX19hRFRhTHg1WkljNVBXNTZCV09hYUZCXzV3VTU0dmdGMTZSNGhWdUNpLUwzZWduWFBjU3JPYTJFQm5qTWVDWHl5ZFh3endEcllqTmdvUVZkR3BtdjJaRHk5Wkk0LVZ3SjlXUElCb0E0aV9BZkFqd29R?oc=5,"Wed, 25 Sep 2024 07:00:00 GMT",2025-05-08T14:06:17.293602,green construction materials
UA Professor Upcycling Waste for Green Construction and Jobs - UA News Center,https://news.google.com/rss/articles/CBMikwFBVV95cUxOb3VsMnc2SkFZcEhnemR5VG1QT3dkSy01Ym55MDJkQ3lqWUw4ek9kZF83YW1Vb250dEcyUGhBWG1Ec2VyLVh0dlRXMmViZW1yRmEyNktIMkRrdUlYOEpnZnAtc1hTSDQ0Y0JKdG83WU9PR003QTIzWU9MUFFlcFFEWGpmQW4zSUI3VDBEV3JSalJsaGc?oc=5,"Wed, 02 Oct 2024 07:00:00 GMT",2025-05-08T14:06:17.293611,green construction materials
Green Construction Practices Unleash $1.5 Trillion Potential - renewableenergymagazine.com,https://news.google.com/rss/articles/CBMisgFBVV95cUxONHlOR1A0VTFIQ3VvVE5jNlBYejNIM2lCT3Q4cnc1eDZmQTZhaVlaSllOSUc3UENBMV9wS0ttOWs2SkZfOFlzb2ZnelpGS3ZTVE9FNThHUUp2SVRYYzZpR29JRlpqdnZXWFBOcTFRTEF4c1FCZmNpek1QNzhRbjBTY05keGM2NjlKTlJfWWtQa2pFUV9oQnYxSjFYd1FBZ3hWeFEwYk5MVkIyYWdsRUpPbWdn?oc=5,"Fri, 12 Jul 2024 07:00:00 GMT",2025-05-08T14:06:17.293620,green construction materials
"Sustainable Construction Materials Industry Research 2024: Global Market to Surpass $456 Billion by 2028 with Long-term Forecasts to 2033 - Green Certifications Boost Growth, Awareness Spurs Demand - GlobeNewswire",https://news.google.com/rss/articles/CBMi8gJBVV95cUxPc3FaU1FoYUl5WFpoMXBCemZqUmpDMnAyNUU1ZnVxclVjZWhUQkdCdjhJdFRoUmJwNUhLZ1ZUbi1uN1pqX09JbFNaT1c4NEhBX3JBVUpxMkFLVU1KT0ZldkRpUEROcHN2b2wwMEFLWll2b1FGa1VIWDhVbnlwQzhpcXg2OUY3ZmNGbmlUSFJ3cUhJbklJRFo0dFJBZ3BkaEtpWGtpTnFOSHVWbnI4dWtDVmc0QkpTRmVnWTY2OFdteHpldmk5LUUxOGg3R2hqLW4tMmhOREhrU3ZRT3RhLURXb3Q1LWNqWnBkbmxLMEI0enhlNTQ5Ni1DaW1tbVVLajVWNFo2MVkxZi0xVXA4azJTQk1lRDBRVnB5akxrSE9tZXpRRVIybGtrY09iUGZ2ZS1xSHN0VHE2X3VLOEtZa1UtUkxsZVQtaTkzYzdHemw5QnBsMm1aa0pGN3QxWGNoRHFwSHZjWjQySXpYRTMtczFGb0h3?oc=5,"Mon, 06 Jan 2025 08:00:00 GMT",2025-05-08T14:06:17.293629,green construction materials
Global Market for Green Building Materials Predicted to Reach US$645.5 Billion by 2030 - GlobeNewswire,https://news.google.com/rss/articles/CBMi9AFBVV95cUxQUTZYM1NjVmZOY1hIUWp4SHlCZHFZTG1PNlZHbzhaUVpCaDd2VVlIRlNPLTF1TGJXaS1hMjhLV1hXd2hheGRxNVpVakN2MVQxeGtRSGNqT01BUlRubWNvZEljVEdXS3pzNHlXLTFOdmd2c2U5dExyMDVUR09xZm5KV3VGUUNhOXVnY2UwYzJ1Wmx3RnpXZ3c2NHRPRTE5b28tUnpKSjJfdWg5TnlOUkg4NmpxQjIxSkdUdXZZejdRMV9RSFp5TW9DT2tleHY3cmtjNHFtTTNva3AtR2Q1SXhKTmxoVlpOS3ZHNXl6dmM5TU5iTzAw?oc=5,"Mon, 07 Oct 2024 07:00:00 GMT",2025-05-08T14:06:17.293644,green construction materials
"Sustainable Construction Materials Market to record $734.9 Bn by 2032, Says Global Market Insights Inc. - GlobeNewswire",https://news.google.com/rss/articles/CBMiggJBVV95cUxPRkpCbGVrQnpXbmdXem5MYkN2UDZvellqWGdNSElIeXg0aEQxUGpCTGxwcEU1bkt6aU9sVzQ1VEJzLTR1VXB5OWlyRDJWR1dzMkl2bjR2bzJvMFhMN2R4ckp4aFdETzBLTjRDVzRydEszeGtvYndDNlg3M1NTSVVqQkFoR2dOT090MTMtZy1lYmRHZ3ptVVhoSWlOQ0hwYTMxS045SHBCMXBpVmd5QldMaGZTTlZJS0tKTnR2Q1JEbzZsVll3UjZwcUJJeTluN0o2amlKNlR0b3NucXhFanVxM1NKLXZZaVRmNW40eElJSy1SZEg1Rnl1dEUtbHhtZGpFVUE?oc=5,"Tue, 07 Jan 2025 08:00:00 GMT",2025-05-08T14:06:17.293663,green construction materials
Green Building Materials Market to Reach USD 962 Billion by - GlobeNewswire,https://news.google.com/rss/articles/CBMimwJBVV95cUxQWGxkRjJUTFhrbkk4TVlsQ2lJU0kwYTM0NkRKaWZqdFpNTW1XZnd1M2pJZFJpdXA1ZktNWjVpLXFWc0pkOWFaU1BNblNTQTFaZTFiQnJGVGtJN1RPV0dBUFBvSEMxTlNOeHVEOWhINkIxM0NfU0xucm9MT01VeEtkU3hxdy1DOVZtVUppMlM4Rzg3MmxtUXlua0JpOWFzV2ZHenYwTTA4NXQ0VTJyWGdGVXJfSEdKQ3ZmQ3hIY1RuTXVmQ1FpZ0xwTjNlT3ZKZVpCOXBJclphNVZUdXpoNjUwLU1CdnJPWXdKZkprRHFRQjdoZXRKOFFmd2lpSDRGbzRENnRTNGluTTZwcTdjV0FndjdoSVp6OHpYajI4?oc=5,"Thu, 26 Sep 2024 07:00:00 GMT",2025-05-08T14:06:17.293835,green construction materials
"Green Construction Market size to worth USD 780.72 Billion by 2032, says Coherent Market Insights - GlobeNewswire",https://news.google.com/rss/articles/CBMi_AFBVV95cUxONWpZZXdMODRlSV9zSzVPd2R5ZE1VazBLN2M0X2JKaEVZeWl2Rm91ejEwVW80U3p4SXdldmhOZDZWN3hKekUtaTZzTUJfNVE2X05HTVozMjAydjlZTlFMVG5xLVJtd1RvTVA1Q3hsT3hXS3B2YmtzeTJyQkFHUHdQYVdUeTFqaVNsZFRrYXJ6d045bTBEMEx5WXdMQkhJMERRdW5HdEplbnVkVU16ay15Z21MdFhuNlZ0dFliaFAyRFhBYThsckZRWkpwSExna2o4UVlHOEhLVWdVNXdfcndqUlJrd2xJbWhwOFFZRGRRRzJ0RXZzVnJlUi1ZN2g?oc=5,"Tue, 08 Apr 2025 07:00:00 GMT",2025-05-08T14:06:17.293848,green construction materials
"From walls to insulation, nature-grown materials are reshaping how we build. - Labiotech.eu",https://news.google.com/rss/articles/CBMigwFBVV95cUxOX2RWeUwwV1FRNTZjMTdNS0E5V1hpY3RPX3RFdDR2X1Y2WUFCVHdPRGExbFpRX1p5YmwyaGNFcUhBRnNjNllmZENXcDc3QzNCRWpSVmNkZmVTa1RuR1M0Z0lZdGpLOUdfTnB5Mm9TV2tFc21QLXk3MEE0akJXU0xiaTBJTQ?oc=5,"Thu, 17 Apr 2025 07:00:00 GMT",2025-05-08T14:06:17.293860,green construction materials
"Green Construction Material Market Size and Outlook by Application, Type, and Geographic Scope - openPR.com",https://news.google.com/rss/articles/CBMikAFBVV95cUxPUDF3R0hDX1dBdGlyYkVFTExheWRoUnFtTHZGbi04Q3U1UzQzYkItdXVYZGdhb3I0ZWxMNUloUnJmRzRYcnN2SGpCNnlZaFVyenpDY1lHVlNJR1loNm85X3E0YkpfNENsZ1B4VUM1emNZcTEyTWZSNU93NkNoNGdDVlZ0a3FXM1ZYdnZqZ0ZPamM?oc=5,"Wed, 23 Apr 2025 07:00:00 GMT",2025-05-08T14:06:17.293869,green construction materials
Sustainable Construction Materials Market Size Estimated to - GlobeNewswire,https://news.google.com/rss/articles/CBMirAJBVV95cUxQOU0xRzRhcDBQZVFTQjFSYTlfREw2bk5KVTVic3lwNVZJVVJncWtDRGl6enNQc284M3NoMHVGX24xRXBGUzFldTJCWDBrWTFCUVc1LWlTX051aERlcUp0S1h3Q182cmZRdWI3eDc4ckhOSEYxWFlOZW8tTDEwd3VzOTQtaGtRWC12VnJ4bkZBcWpJdmlnUzh0Vnh6Y01GTTBQY0RXelh2LWZZa3pjTldBbXF1SFJ4aUdLal8zN3pGV1FyVHk2MHhwejhyMi1tcm0tNnhyeHBUYXdwRHU1LXJjYmJYakl6SDMxWVJNSHBGZlk3YWVJS0UxSVVDb0ZLaUozcUM3ZlVQcVprVk1ycHYzVHZFUkZ4azhUajEwVDQ5NVMtOFI4ckUtdk1KQ08?oc=5,"Thu, 05 Sep 2024 07:00:00 GMT",2025-05-08T14:06:17.293879,green construction materials
Sustainable Construction Technologies: Advancements in Eco-Friendly Building Materials and Practices - TechSpective,https://news.google.com/rss/articles/CBMi0gFBVV95cUxQcHRhVHhiTUxnbmhDWHJmdmNNQjhCeUhVbVdTNUxGUXIxdlBfYmdtNzJPZ3NKNDBLN2prQnRidnhhalRxcy10UFFtYTNackdIU2pYb19LS1ZCMmlKYzhDQWp6TmhYaV9oQi1xZ2lvWGZGZUs1d04zQ0xBVlZkTHRuUXV6bWF5ZFlyYU5sd0lzSkpITl9fVENNUDFVbm5SWnBxYWpjaWdRQzBkM2EwSGlzODlnV1Qyd3RPNzROVFMzdlFPS2VJdmFMZWJzMVhtOGRJTFHSAdcBQVVfeXFMT1hSYzdIclc1VjZodVh1ZnR2SnlpUVBoZjBxMktWWG4ycTYzU3RJZHFBQWZZcVNfdnU5RGlncUsyaUFsWlNaY0V2bmJTV0RtRllrMEZ2cm02ZFVzX3dvZTZhVzREM1ROZklvSlZmbjE2bmt6a1hjZkppTFdNck12RU1IZElsQ1VfaHJQMG1pbnBFendKWFplNmFsNFFBQVFYSDNqelRGdTNFemZZb0kxSG9HRzFhVTJkZXhsRWtQZHp6WFpsSmFveXYyQ2xRbEx0Mlp5bkV2LTA?oc=5,"Tue, 23 Jul 2024 07:00:00 GMT",2025-05-08T14:06:17.293890,green construction materials
Here are 3 innovations helping to create the buildings of the future - The World Economic Forum,https://news.google.com/rss/articles/CBMiggFBVV95cUxPdU01Y0dhRkRmRkRIZzdvbmxxeG9YVzZ4M085VXF5ZTZ6aklWNURlcHQ5UTlnQmhwWjVCRmJVVFU1UEhVZUhyVnN3SWkzN0hXRlM0Yl82RURDUzQ0ME1lUXZ6aTB5MUhvQU9nTExDUnlWWUdiOEQzWG5VcXBoM1pkalVB?oc=5,"Mon, 23 Sep 2024 07:00:00 GMT",2025-05-08T14:06:17.293904,green construction materials
Green Building Material Market Size | CAGR of 9.2% - Market.us,https://news.google.com/rss/articles/CBMiZ0FVX3lxTE90SEljV3EwNHlZWE1QS1lUYk5TVE1TRkczVEdJX0ZTMW9nUXp4UWN6c3B2Qmd6M3pZVmRuSUl2Zll6RHJBRzNwcE9kNEVqTHBhRUx3QjlGdXZJQjB1dUk0NGNoUV9tTEE?oc=5,"Thu, 10 Apr 2025 12:55:16 GMT",2025-05-08T14:06:17.293913,green construction materials
Viglacera showcases green building materials at Coverings 2025 in US - Vietnam+ (VietnamPlus),https://news.google.com/rss/articles/CBMirgFBVV95cUxQV1FXNDlDUjVud3VfLWxhWVJaV2FGSkxhMVNNTE5aQkQ4OEpyMHBlRGZ4X3AzQkc5QzYwLUtUM1F5X3Y5YUlseEpiR0lPeDA2eGdsUEVRT0hfY2xORlRCdEJxWVdETU9Dc2NWN3MzeEFMY2NRNEhubGlXVEpMV2s2QzU4aXBfRGdRN2N3dFliTE9PQ2NxVG1LampQcWRFcmduSFNpaXdVSktpdE9sT0E?oc=5,"Sat, 03 May 2025 17:06:18 GMT",2025-05-08T14:06:17.293921,green construction materials
How Are Material and Labor Shortages Impacting Green Building Initiatives? - Greener Ideal,https://news.google.com/rss/articles/CBMiswFBVV95cUxPNDhRZGN2ZWp2cGs4ZjR4eWMxZnNud3BLVmJBWElKNVc4X1BLbEw4eXh5bVdvSGttalNpWXpMRlAzRnpfZF9zTEJuRUFWVHI3S1l4NzBMQmNKNi1OaFhiOEMtbFhrSmxvZUhoVGVnOEx4bnc4RDM5UUNPYTJ0Y3hETTNlN2RaQWRXTmlVcDZHbWNweHBoS2szYUp1dGxCNXBlUl9neU00UE9YOTU5YTRkWmFZMA?oc=5,"Sat, 30 Nov 2024 08:00:00 GMT",2025-05-08T14:06:17.293931,green construction materials
Schoenecker Center Earns LEED Gold for Green Construction - Newsroom | University of St. Thomas,https://news.google.com/rss/articles/CBMijAFBVV95cUxQbUJkVXlEVTVfY1gyRE4xM2RaVnltZzhHNFFRcnB1VmRteWI0dkhpUHFLS2hUdWhyWDlHVlhvQTJTb3E3cjNIUGlEUE9iTG83dXJFWF9CU1BCM1Y0Vk9Sa0tqNE50WEtrTk8xTzBqV1dkMVJTNUxhX3pUbXVsMGlyakc4RXc2QUNiZWtOOQ?oc=5,"Mon, 28 Oct 2024 07:00:00 GMT",2025-05-08T14:06:17.293941,green construction materials
"Commercial Green Construction Market Size Report, 2030 - Grand View Research",https://news.google.com/rss/articles/CBMimwFBVV95cUxNaW1nVTVZTkU1R0NkQm5oNGlTTDdOd0lrcEx6dlQtWXdnN19sbFp1YUlBTlktcWlieUxQbElSQUlRTlBMMVZtTGZaLVQtT2JPSFROdlJBdnpraXhueEJpZVdwejRwTkY1eXVZaWkyaWpWck1oOEZVU05wUnhROUNoZnJEeUozM0QxRWJNN0JhemxEM0M1UDJlQ05Ibw?oc=5,"Tue, 11 Feb 2025 05:11:59 GMT",2025-05-08T14:06:17.293950,green construction materials
How Declare Labels Contribute to a Greener Construction industry - Earth.Org,https://news.google.com/rss/articles/CBMikgFBVV95cUxQa0pMY0ZFV0xPZ0hmUXlkUFVNUGpXSWc1VkZVVjNBaEZsRmc5VlA2cnVqQm1fN0h5bDI3MEh1UThrSy0tcFFvbTl5WVU5emRRdU5KNUpyemNCMGRENUY5OU9yYU9KanlEZWlEUllzdGVNdlhMVDUzS2txN1hSSUp5RGlCb3psbDlvYnZqalpKem9IQQ?oc=5,"Fri, 09 Aug 2024 07:00:00 GMT",2025-05-08T14:06:17.293959,green construction materials
EPA announces nearly $160M to cut construction emissions - Construction Dive,https://news.google.com/rss/articles/CBMijgFBVV95cUxQV1BTb0xYbDFhRkZqVmZ4V181akVNRC0xb1JLOHkxX1RDM1VaQ3V1czQ0RGh4TVRtY2xWSmZqYUsxc1R1MHFnV1ppZWVFN2N2Y1J4Vko1V1VKOFJLZmxkSkxycXJnWFk5MUJKYld1T0w0OW1uLS1iaXBIalRZLWwwNVp4Uk92MEIwcE9yaExB?oc=5,"Wed, 24 Jul 2024 07:00:00 GMT",2025-05-08T14:06:17.293968,green construction materials
Strategies for promoting green buildings: integrating evolutionary game and SEIR models - Nature,https://news.google.com/rss/articles/CBMiX0FVX3lxTE1hdml0SHVEMnkwNnBqVDRnZ2N2M1VhUURpLXZJUllhTzJfTFF1ZlBIbG9aYTBDNjIwak9aYXQ0OHljQktScDhKNjVxbzZJS29zS2pqdGc3RURaNXU1U2pZ?oc=5,"Thu, 02 Jan 2025 08:00:00 GMT",2025-05-08T14:06:17.293977,green construction materials
5 creative materials that could build our homes and buildings of the future - The Cool Down,https://news.google.com/rss/articles/CBMirwFBVV95cUxNSDdWMkNCVmlkdnNKbjNzWUswblIyRHR2cmhpaVpqY2lqT0tldXItWTVsU1JEY3cyLUZQb0x4M1lHMEtkay1DeXpmWUVyOEo1WEljU2hWaXhKOFlJM2FQYUI5LWZaaEI0YkdrWjhvX3RUWUFOVDRLMUZlclRXeXFMRzYtOHdzQnh6d0ExdnNCaFpYOXFJSDYzVGJDT2cxZ0RSalBQUGhqUGtUY1UwWkJR?oc=5,"Wed, 19 Feb 2025 08:00:00 GMT",2025-05-08T14:06:17.293985,green construction materials
(PDF) A Survey of the Status and Challenges of Green Building Development in Various Countries - ResearchGate,https://news.google.com/rss/articles/CBMi1gFBVV95cUxQYV9YbjlXMXQzWXpSb0cyc29wMEg1WlQxVlg0UVBaUWhrbVRCNnhqVlVSSUxSaER4WkNJOWxORFQ5N3lIV0cybjJiSVJwRUJXX1JTekRTcDcyY2U4UmxDbUtBcXI4T2oxSndHSjZtYUJxaWFiUjdKU0VMejBOeW1SOF82OUc4bHlNQVpnR0d6NmNCTERtYzVpaFZZSUJua1p2ekxGSlZhUzhBbUsxT3kxd3U3UVVFTzRtWGsxc1NqckFSTi1XU3pvRk5jZ29lT0E1WHJsSHBB?oc=5,"Thu, 24 Apr 2025 04:21:22 GMT",2025-05-08T14:06:17.293994,green construction materials
7 green building products to explore in 2024 - U.S. Green Building Council,https://news.google.com/rss/articles/CBMieEFVX3lxTFBHS3BGZnBUaHctYVhWajlXX2pibVEtZkdxTEQxZU5lVjQzMTlOQjYtOUNKR0VDUzdYdGFwNHpheHR3TnF2Y2pCR2JTSGd2ZmU3RlJ1OFpqOGYzMC1zVDJ0YnQ1Sk84SGJzc0RXcFRnalNtVzI2TGRTaQ?oc=5,"Wed, 17 Jan 2024 08:00:00 GMT",2025-05-08T14:06:17.294005,green construction materials
Sustainable Engineering Practices in Cons truction: A Systematic Revie w of - ResearchGate,https://news.google.com/rss/articles/CBMi9gFBVV95cUxNb2hTNkZaclg3X1FCYUcxejM3VXhwamdKQ2Qya2Z4bldRU0JxbDlDNW11RlRyWm5YRF9BQlRLVDdBdkRfV2NDYm1oc2NxTjJoUnExRXluUTkzR0lRWXNrWFI2a3Vpbjk1dlhQWjFMVG5RTXllb2hRSFBzTFRnS1VYSzhxYjM2ZmgzX1ZnUkZ3ZlVpbVFsblNTQThKMUhwQXRzamhMcVBFVWdldUxDLWV4RW1MU0pnR3BTNVRVeHd1TVh4TnNTaEMwbjhOZnU3NmlWSTI5ZkpTUzY3X3oyTDdMTTdVTmtyOTlIRGZKWDNyd3E0VXdTSGc?oc=5,"Sun, 10 Nov 2024 08:00:00 GMT",2025-05-08T14:06:17.294059,green construction materials
IFC Partners with Standard Bank to Boost Green Building and Housing Sector in South Africa - International Finance Corporation (IFC),https://news.google.com/rss/articles/CBMivAFBVV95cUxNVEdpcGVCZDVhdDhfUHlpUUdjY2FlY1JCdi1NSU5wcWxZTDFHUXNUTzJReFBULWg5RGIwLTRGVGhJbkphTHNJYnZwSmk1dF9wTERGQWdBa0R3bmNMWDJISkxtVThSWmJTUkpWOF84ZTVfOThrZ24tSGV5emVmZ2lQOUczc1RmaEY1Z3RxNTI4QzNjNmJkdF9tWWY2Y212QUU5UXpzQU9BZDVjMFJ6MEZkS21XQnA0bWZhek5GWQ?oc=5,"Wed, 12 Mar 2025 07:00:00 GMT",2025-05-08T14:06:17.294069,green construction materials
The building sector is key to the fight against climate change - The World Economic Forum,https://news.google.com/rss/articles/CBMimgFBVV95cUxNRDN4NUtXZmdSNzRuc3E4UENBQjJhb08wa2ZERV96ZTBUc19CODd3eDVhbFY1RWpYQXpQLWVaeXJZVUszbVRHR3NpNWh2Z3hOU0EteF9oeFA1dDJRT2NyNTl2bEI2aWlGNUxFQmQ1TUhITk9PWnZpYmt1T2xjSXRmb2lNMXMtUHNsdnltczk0YVcxbzBLal96N1V3?oc=5,"Wed, 26 Jun 2024 07:00:00 GMT",2025-05-08T14:06:17.294080,green construction materials
(PDF) Sustainable Construction Practices: Incorporating Green Materials and Technologies in Civil Engineering Projects - ResearchGate,https://news.google.com/rss/articles/CBMi9AFBVV95cUxQZnR4dEdMLXFQZklpaXdXbzNNWFhvTV9zWkN6V19OdEtlT2RNQnlUZmV6ODl5ZS1nU25vcURVaDJDbjBqd0ZzLTAxSXBvV3R0S2RDMUFXazlSM296dHdtdTJ6OVBxSVZkUkZrZFUyTkJsQkU3X3lGQ0ZJSndUODVLTnI1M0FhcFVENHpuMkJJVzNwQ3dkS2NtczZuMUY3RTF0VXRlWWJYak5od09pUDR0STAyc0pUc2tIZHBBek8xM0lhVG5wY3FKMTR5MEI2SjM2ZVdYMUVCNGNNNU5HNG5NYTRtcE9Ya29tOTl0SkhYX2M2YnFz?oc=5,"Mon, 16 Dec 2024 08:00:00 GMT",2025-05-08T14:06:17.294089,green construction materials
"Building and Construction Sheets Industry Report 2024: Global Market to Surpass $285 Billion by 2030, Driven by Rising Demand for Eco-friendly, Lightweight, and Durable Building Materials - GlobeNewswire",https://news.google.com/rss/articles/CBMi8gJBVV95cUxNS2xIYktCeTVKeGZNd3ViczVlQXFJUHE2NG1PUHgzNDZDR0o1N2VZUkpsaTF3Y2V2QlRhSHNhUjRwcTdGY2xKWFlsTHpCelEzWVhlUGNlblFDYXVzQXB1TDF3aVpnWlFwWEwwY1V4SjNQSmEtVl9nQ2RibVc4NFhnM0thWmFld1B2V0pRejNjYWlucDA1NGloXzV0RjNkUzBDY1pKbzZjZHZWYW9Xdnh4eDBVaXhZQ0cxaE1HdEZiQ1RtUTJkV05HQ1NINDFHajRpbXVlbE9TQUh5eTBoOG9KS0ZrcTdzUV95eGtBOTdFNVFtd1d0THhIek04dWZpNG5wUDRPcEphS2hiY2hlZU03VnZteFVXbXpzSGpmekNuY05DcFdyZGczRzlzbUZ6N3I3VlZPWDNLYUNXVWF6eXcxaWpwdDVmSlRncThtOXlZejYtVElLUjNzVjN3ZGhiYzZQbmQwMVVMY085UGtoODdxeDJ3?oc=5,"Thu, 23 Jan 2025 08:00:00 GMT",2025-05-08T14:06:17.294100,green construction materials
Commitment to sustainability - Olympics.com,https://news.google.com/rss/articles/CBMie0FVX3lxTE1EcFBQeS1BSXN0WEwxMjAzWXkwLUh0cS1nM3J0ZlJGeWo0aHBabklBZ2JSbDRJU1R4dDBZRFBEbk5vT2xBaUtyeDNzOUtjRXg2MWxhSHVaM3ZoQ080c3FtNVRWUTUyWFpiVWo3Wi0wX2pjUzVFQVVEcDZzTQ?oc=5,"Mon, 20 Jan 2025 13:07:13 GMT",2025-05-08T14:06:17.294115,green construction materials
Schneider Electric: Harnessing Data for Green Construction - Sustainability Magazine,https://news.google.com/rss/articles/CBMinAFBVV95cUxQMm8wcnUwem15ZzBjTHNiZ3dVempDaGhmRlJ2bTZPOW03dXVBZzhtdU1tMjJxMk1ITFpaTDZqYm1TTUdSM1ZJMmxoQXhZeGJIQ1dDLXFnWUVVdHhyWVpzWGxnMFRzOWQ2LUFEdHc0MVQ0UDhlTkRYS3ZNQVJMNGhDVWlWRzN6N1ktOFlIcEh5Z1RYSXhKcUpHNjZja00?oc=5,"Wed, 09 Apr 2025 07:00:00 GMT",2025-05-08T14:06:17.294123,green construction materials
Fly Ash Market Projected to Reach USD 23.30 Billion by 2032 - GlobeNewswire,https://news.google.com/rss/articles/CBMipwJBVV95cUxPYTlVV2xFLVk1d1hXUnE0RnJJTFg4em9wMnY2RW9kRnV4cTlRa2lRcEg2Ni0zTDFyTlMzWmdwQ1dkdUVSQ1V4Z2h1dzVocUxGTVlzWkEzZXZaT2FMZTNCWGRxR3d4R1plSk1sREQtOWdGbUVuUGRIc2FGY3NXODkwZHo3ZElOZ1Y1cGl2ek93LThqcm5lU2cxVkh5X0xDVlBYbDZvcGs4M1UwLWFHZk5xNnNXM3E2U09CbE1ZX3lyYkpCai1xcnFTUDNPVjZWT1FhT2R0QjNHaWd3S0NEN1V4dHpNenRObFlWdGJzYmhsUlZKd0xXSGtRRXpSRzI1NnhiYnhPdnc1cXkxQ1AwQldGdUFNRmh4SDVUejg4UXA2R3lfM2FrTURr?oc=5,"Wed, 05 Mar 2025 08:00:00 GMT",2025-05-08T14:06:17.294132,green construction materials
Sustainable Building Materials: Role of Weathering Steel - openPR.com,https://news.google.com/rss/articles/CBMilgFBVV95cUxNNExxeHpuNjFSeWFZa0w4M1E2N0IxY3FTUlc5OHZQVUJDd1dudWFoQlo0RmxwOG9ZNlk1T1VDWklYOXg1enRhY0F0WVlXRXliWG9DZVhLcFNPSmtzNkhZWXVBTnBUR1Bpb3VTZDlNeE9aY3BKZHZzemstSzVfZzh2OVg2aVlrZjVzT09ISm9Jb1poVkVneGc?oc=5,"Mon, 14 Apr 2025 07:00:00 GMT",2025-05-08T14:06:17.294143,green construction materials
Enhancing the use of sustainable construction materials in southwest Nigeria: exploring the roles of quantity surveyors - Frontiers,https://news.google.com/rss/articles/CBMimwFBVV95cUxNYjNjdzR6NlF1NVNUUHhHcDctTFNhYVNtQkZuVGltWHd4ZUxTOWlENk5rUVdiU3RyeTd3MzhXMnc1TFlzOEk5V1A0a0hzc2hLQnhHTUludHp2T0VPM1lpd29JZzlucG1UQW9yc1pmT3FnVjlJZWF2ck8zT3NpRnQ3S3NpOXBWeHBLVVBrQTVSeEFPNUNLcGdyZVNkNA?oc=5,"Tue, 08 Apr 2025 07:00:00 GMT",2025-05-08T14:06:17.294152,green construction materials
"Hempcrete Market Size And Share | Industry Report, 2030 - Grand View Research",https://news.google.com/rss/articles/CBMigAFBVV95cUxPU1cwNTN2UU1wSDBvVGRTSDhnaEFsdHBqS08wOVZ5aXIyMjBZZ3pFd24zcE1GcVpITXZvdzNjaTI0SHAtVnhrN0F6OVVEbWpJUDN0djh1OXJYbzYwS2ItcGZKS3VrOExNaC00cFFRelVsQU02c085T0x1SXZQT1FNSg?oc=5,"Mon, 13 Jan 2025 11:20:41 GMT",2025-05-08T14:06:17.294162,green construction materials
Low-carbon materials a ‘huge opportunity’ to green the transportation sector - ESG Dive,https://news.google.com/rss/articles/CBMimgFBVV95cUxPZS1lU0JJVHpaSjlfTUFETHhKdmljOS1hZzVBemx6RTBPQ3Bzdm9DQ1FZNTZDRmhrV0RIT1JPemRTRmJSVG5LWDFXODdBdG4yMWdDajBPelFob1lpbUo1d2VZb2ZrS3g0RDRudUtnQWs5eHg0ZE1UR1JQUnhaV2l0OERNb0UxVnJqa1FSeF9SY3JGbURyLWJZWVR3?oc=5,"Wed, 28 Aug 2024 07:00:00 GMT",2025-05-08T14:06:17.294170,green construction materials
Global $580 Billion Green Building Materials Market - GlobeNewswire,https://news.google.com/rss/articles/CBMiqwJBVV95cUxONDdYT04zVTZCeklSUWcwcnptOC1mWG1CZEF0aWFlZUw1VG5CZF9SckRxWGNXOGdPUlRTTXFHNWptZVRiYmdPeG1TZ3FXTGVFU0F2RHJhSU1FczRSVFFqVThIdVRXTXp2aUdKcW5vWWM2ekhPNXV4dXVCQkJJT2h5cE83bUxFM3FoTV9EY3RfNFBfbDAwbV83ZlNnQnlyVk10NEV4MjZ6cUdXWGtlaVlNQmpjWFBLMUgzTGJrcVRaNjV4S2E5ZXVYTWNpRmNkZjhxdnNWSE5vNFE1Y1NaYlduZ1dFUmwwRVBEOHBrLUEwYzlXcTN5QVk5ZXNSdDg5Y041YXVWdG44VW44OHF5bGhuNEpqcS1NYlE5akRkNGxGY3l2clhjRFh5Vm4wSQ?oc=5,"Fri, 17 May 2024 07:00:00 GMT",2025-05-08T14:06:17.294183,green construction materials
Enhancing Sustainability in Construction Materials Through Innovative Practices - Intelligent Living,https://news.google.com/rss/articles/CBMie0FVX3lxTE94RUVBcjBTNXBZOXVYRHhiMjBtOGV6eDlxU0NOUFlwSnI4UnNlaEdXeXlIUmRMLXRsV2NSTG4wTWh3ZjdoZF9DbzJDbXRDRFV5MldRUUJta1NVLVJ3WXBuTHotV29ZYm9jaWZET2o4OHZJYi1DN0IyQ0NQdw?oc=5,"Sun, 17 Nov 2024 08:00:00 GMT",2025-05-08T14:06:17.294194,green construction materials
The Army tests whether sustainable building materials have lasting value - Federal News Network,https://news.google.com/rss/articles/CBMiuAFBVV95cUxPMG1xMF83YmlKU2M4dFQ2RERaWmtiZS1GcjJQTjNyTktUbURJTzVYSENPYjlqdjBKYlhTVmh4Q21tS1k3WWJtV1psR1dsell6WFBwQUlXU0liTzg2MTRHaWtWX1JWQWtpbWNkdERfYmp3cV94SlFaU2hmTlB0MUptWWJ6VlV3ZzVXcGxOV0YxSk5xZlpUbkFCcUI2WXh3dGRiUFp5VjlRYTUtMXFvRF9xQW1BM015RzRR?oc=5,"Wed, 04 Sep 2024 07:00:00 GMT",2025-05-08T14:06:17.294203,green construction materials
Potato skins: The unexpected hero in green construction revolution - Potato News Today,https://news.google.com/rss/articles/CBMirgFBVV95cUxQQ2k3SDlrYUprVzlIcURpdWxHSWxjSGtXWGJnZWxSVzh5Z1NZQ0psd0ZxLU4wVk1NYkxPRkdYM25UZTB4LWcwSE1VTElqQzNhRm43dkVEdThZV2pNQlBBOXp1c3NBcVQ4Y2ZncEJyZ25oS0VHRDJ6N215QnREemZrVy1vNVdhby1USFJXMkJTQ3lxUmRtRktVM2tPWDBmSW01bkdRUU5ZVXppdTA2c3c?oc=5,"Sat, 12 Oct 2024 07:00:00 GMT",2025-05-08T14:06:17.294212,green construction materials
From dilemma to breakthrough: fuzzy-set qualitative comparative analysis of green development behavior pathways in construction materials enterprises - Nature,https://news.google.com/rss/articles/CBMiX0FVX3lxTE5mcHZFcmcxMUxNYm1MVkM3TC1vTWkzWWpsSDBjSkl3NzZub2ZzUjktOEZUUzU0WGpRRXQ1ay1oV2JWRUI1eXVoZUVzOGFEaGdnVHQwZE91WC1TVHBIVy1F?oc=5,"Thu, 13 Feb 2025 08:00:00 GMT",2025-05-08T14:06:17.294221,green construction materials
(PDF) Evaluation of Building Materials Based on Sustainable Development Indicators - ResearchGate,https://news.google.com/rss/articles/CBMixgFBVV95cUxOc3FXLWowRmRIaUhGNXNGOHpzWURDQXVEUHJfcTdQb3V6bkJ4M2s3R0ZycFNmLUE5TkZQXzc4UFkzTnZDUkh5VnpqYjNxYW1BblBHcDRpNzdReDNITGhjNFRhY09vQlp0VmQ5X1o5alc0RUIxWkF5cGtVdUM4akxTMEJQYmNjYUY0dVp5QXBza29pbnpaZGlOM0tic0xMQ0kxSDNKWVVrVGZ1dzdqZWFRb1M0VVA0RkgxNVM4dVhOekQyX3hJTVE?oc=5,"Mon, 17 Mar 2025 07:00:00 GMT",2025-05-08T14:06:17.294241,green construction materials
18 Innovative construction materials that surprise: Top new trends! - OVACEN,https://news.google.com/rss/articles/CBMiZ0FVX3lxTE5QOWwtejFpZWhidzVyZnM5QzRkbV80VVo5VEF0cW1Cdm5vc0ZXOXJIRFRFeVdkODh0Skd6THVnQ2Vlcmw4bVc1VVVRWXozdVM5SUktRm5feGRVVFpIV1dra1ZMcVJHSWc?oc=5,"Tue, 10 Dec 2024 07:57:23 GMT",2025-05-08T14:06:17.294251,green construction materials
The evolution of green buildings: Technology driving sustainability in construction - YourStory.com,https://news.google.com/rss/articles/CBMimgFBVV95cUxONG1MU2RZVW4wWGRzaEtCcndSUV9RTzMxSmYxbmxOenpJdHFIUVZJTUgyMDdwVGNiajVTcGFSQjRmMHVZa2JZS1ZUazBjQ2tieWotdmZWS1UtR2dsWEs4U19TY0phbV82YmhIMXM4RzhoZmZ6dDNpel9KQ19MdVJPY3B5ZXNTdFA5VU1WdnR5V1RYSkFhOXN4SllR?oc=5,"Fri, 25 Oct 2024 07:00:00 GMT",2025-05-08T14:06:17.294259,green construction materials
"Green Building Materials Market Size to Worth USD 1,352.12 Bn by 2033 - GlobeNewswire",https://news.google.com/rss/articles/CBMi2AFBVV95cUxOanlXUV9IcUlfd3JUZm5qLUNaSWs3QTVoY0hQS093QThudUxpb0RGeTUwMVFTZThwcFRHZlQyN1p3RlNLU1BlODk4VVZpNDZfR2tfNE8zUWhzMEpoWHQwamQxZnlGTEt6dGczVjJxaTZPU3gxX0ZvSEZRZ0FlblJZTVpUeG5KaUNDVXRwUEszZUFYZzBnMVp4dTJQSlJNUHBpc1dxaUFJUUtIbG1RckFlc1lkSEM4UlF1RFhsRnd2MzVNVVRVay1vLWVvQzlPUHUzdFpRYWZFNmo?oc=5,"Mon, 27 May 2024 07:00:00 GMT",2025-05-08T14:06:17.294269,green construction materials
Scientists Think That Billions of Tons of Carbon Dioxide Can Be Stored in Construction Materials - Popular Mechanics,https://news.google.com/rss/articles/CBMiogFBVV95cUxPc0lwZ08way0wWTNnX3JLenBjMFJURDlPTmVYLVA4eFliMEt2M01rMTA4YjFnNThRMFVSZFJ6S0FHUHZlZDBvUXJBOE9FVDFlRjZscHhqODRETlIxREVWNGFidjJXX2JfSklmNnVuM3UzODZIb1BrUzhwTGhQSGxCQU54Yk1CNHo5VlA1WWRoTmNSVloyeUZNRW43ZDBla0RFNGc?oc=5,"Tue, 14 Jan 2025 08:00:00 GMT",2025-05-08T14:06:17.294279,green construction materials
"Government Incentives for Low Carbon Construction Materials Are Great, but Not Enough - Propmodo",https://news.google.com/rss/articles/CBMiqgFBVV95cUxNYzRnbVVNemlueHJTZ1JsT2ZFTzJSdzJEd1F0aWtfakRtZzEwQmh4RnhheXFqTkkzOWkxNkNHN1BNN0EzWThfQkFURmloTHlDMEN5Yl9ZMDVzdEJNemlkQlpfUGN3NVJWbE04TFRsR2QtSVhFdnc4emQ1aDEwcEhuSjJXTXVLZlc3MGVQZnVTWW9QaWtDY3ZkeFhSMDdmV2JScVgwU3NSeVlLZw?oc=5,"Mon, 11 Nov 2024 08:00:00 GMT",2025-05-08T14:06:17.294289,green construction materials
5 new building materials that could revolutionize the construction industry - The Cool Down,https://news.google.com/rss/articles/CBMilgFBVV95cUxNR1hkOFZZMWNweHg0WVptaGhwOG9HV2xla2cwbUJUMkdhUjI3SEN0NS1meW9faHVraExVamROdGc0UnpLM0QtcTRTUTIyUXlXR2Ywdlc4djY4dnVTaGtHZVpGanVGSGRPNW9HSmNVZUt3ZnpSTmlQWk9kZ2NheEtLZS02UEhHSFdCUEhzdm9Ga1NGbjlLTXc?oc=5,"Sat, 20 Jul 2024 07:00:00 GMT",2025-05-08T14:06:17.294298,green construction materials
5 Green Construction Trends for 2025: How Technology is Leading the Way - BDC Magazine,https://news.google.com/rss/articles/CBMipgFBVV95cUxQV3A0NndCWVVRdHFXakdPdklMZGh5Z0YxcFRzN0hSWVdjYWVKSllFU1FteGhZTm5sWE5abXhBdTQ1d0l1MzBRUy1kS2NJMHBTUC1NMEFxM0RQUlZMalVXVFBSZWhGZ0pnMnVSNEJDdGJIVzU5LTVkbV9vSFBkeEpsd0RZaDhadzNZVlAzWVFPajRwWjlQS3VzOERQa2JJRzF2X1hqamxn?oc=5,"Fri, 22 Nov 2024 08:00:00 GMT",2025-05-08T14:06:17.294307,green construction materials
The Role of Light-Transmitting Concrete in Green Construction - AZoBuild,https://news.google.com/rss/articles/CBMiW0FVX3lxTE5BXzl1WE9uZ3FuRmdfYWRZSFRib2hqZW1Zb2lUQlliTHhDS1h5U3NuRGZScVdFaWJESWt1TlhQQkdjZkVfY0Q1ZkZHbDZjLUpPRy1sTXZ2QkFSVmM?oc=5,"Fri, 17 Jan 2025 08:00:00 GMT",2025-05-08T14:06:17.294317,green construction materials
"Smart Nano-Construction Materials Market, Size Report 2032 - Global Market Insights Inc.",https://news.google.com/rss/articles/CBMijgFBVV95cUxPbVpHSHpvTTIzLXNVX2xBcVFCZWxvLWZ4WkEwR3IxbUQtakJ5amhtVFU1a202cDZLTm90OHpXcWFwR2pLZ2pjQl8zaHpiTzlLZ3NwSHdIUUFYT05MV0s4b3dXS01KTkFBY3oyRnFOXy1FZ3ZpWjRQSEdOUUh4MVZKeGtYZmtqZE10cHMzQUln?oc=5,"Thu, 12 Dec 2024 10:20:17 GMT",2025-05-08T14:06:17.294325,green construction materials
Green Buildings Drive Sustainability Goals Worldwide - AZoBuild,https://news.google.com/rss/articles/CBMiW0FVX3lxTE95dGVRV0N2dWlxQWJjbzNhWXdEaWM3WXBSX05VNTU3MWRGVkplQml1aG9vdFAxVkNUenVoTE9ad2VrWEwyclFiQTMwYks5SXJfZHdUVFNUYVdrbUE?oc=5,"Mon, 16 Dec 2024 08:00:00 GMT",2025-05-08T14:06:17.294333,green construction materials
(PDF) Green Building Materials and Construction Techniques for Climate Adaptation in Nigeria - ResearchGate,https://news.google.com/rss/articles/CBMi0wFBVV95cUxQRlFmeTBCczY0Wnc1bnFQbm5QeER5NjRTMDFHTHBfazJWTTZaVEE5SXJIN3NfMW9FRTV3X0Z4QlZlUm5jZXJ3dUFlZ3ppZXBzaHliVTBnR3g0SWotLXdVZ2l0SVlwd3B0TDFwMFBidGNrVEIzbk5iYkJwdVl0a3pteEp1NkJ4X25iZXpkc1dSbXJyU0tObmlsXzBIOUtKYkExeVFZMFAwcTlsbl9BSEg5RkE4blF0RDR0amZ3Tnd2QVgxLTJNZjR2bWdtMUtkNFlxR1Y0?oc=5,"Sun, 30 Mar 2025 15:21:30 GMT",2025-05-08T14:06:17.294341,green construction materials
Digital Builder Ep 94: Exploring Bamboo and Eucalyptus’s Growing Impact in Construction - Autodesk,https://news.google.com/rss/articles/CBMiygFBVV95cUxNcU1LcFVXWGVKZ3RhaW01bkV4eXRxM1cyZDJlbEMyWWlvVjJKZWctSUlTcUZmeXI4NXR0V1JXSWlndlNoRmtORHNOZWdXbjdqQzk5UnlHS185MU9MMzRFLTRzQkQzdGQwZFg1eXVFcHk2WGRuZUZwVUxOV2RZTUg5LXVsRTBnUkRVREFZZkQxQkRGd2RrV052X0d5bkRiT0pDNFB0ZkNfdVZreWg3dmlRMXN4RlpabG4xMHF2MWlTMzNtcmd4R2tWdnZB?oc=5,"Tue, 20 Aug 2024 07:00:00 GMT",2025-05-08T14:06:17.294351,green construction materials
EPA Terminates $116 Million in Grants for Reducing Emissions from Construction Materials - Planetizen,https://news.google.com/rss/articles/CBMivwFBVV95cUxNVF9hSDdURU5JZ1oyRlMyRzMxcWZwUTg0ZDlUaU1JazNhVGdSaks0clh6X2wzR1ZudloxYlhnQnRoRXFIQnZJb2FjdVRyRUNjV1k3UW9mYnRibWljSGVJUWdhQ0NzVmFYbEE1WmRVeFlkSzVrN2N0YV94TjdsZFlrVnVJRk5Gb3R2blRhbFBsQl9ENEdVRjI3TzllYm9CTXJnU2F2bWc0VWxBblE0Z2VMU096cnVWSkIxbnFzMWtzNNIBxAFBVV95cUxQaVBfNkFCSEE1SnJLRzJKUVpFbFphdm5rT1Z6MEJ4OURyeEkyNGpxalUwbHAxQ0poT0dBamZZSXlVLUxLUm5xYi1YekVURmdObUNGWFVGZlhTU1lOVzJ5QW4ycndzdldtU1J6TXlpaC0xWjBObkpEbzBaX1FJaW1jemFpaGpNemcyMDVzYkdUeVFkT3BmNHBNWW8xS0pLNVVWanBRbkxuSVNEMmFIZldwM0NyY0hZUXJkTEl2Nk5PM2FNWEtv?oc=5,"Thu, 27 Mar 2025 07:00:00 GMT",2025-05-08T14:06:17.294362,green construction materials
Sustainable construction materials: a new challenge for infrastructure. - We Build Value,https://news.google.com/rss/articles/CBMingFBVV95cUxPcHV5UTVjblVFVHVfTUVhOGJ6OUFHZGFTSnNWdWZjeGZyR3Z5ME9IZ0Rxbk81TWpyY1RXcGdMVFhaUXhkaUNjdFZVQWtfRjRHc0x2ZWFXNXd3aFplN040OENnblhwbWcwMllyZmxxcXROaGdadk1mU3liT0FXYlZRSVFOOFQycFJ4MjhOUGE4VG0yTkJvVWVBUUlEc014UQ?oc=5,"Wed, 09 Oct 2024 07:00:00 GMT",2025-05-08T14:06:17.294376,green construction materials
Industrial transformation policies: Green public procurement for construction materials - eccoclimate.org,https://news.google.com/rss/articles/CBMisAFBVV95cUxOeEZwUVdKUV9aWUF1TzV4N2taOWQ4d1gwVmI2MTF3M0xmSkMxQkhNVmg1N3M5MldVWHRjSUlrcFQxU0M4eXkzY2RJSWNOTW5RTWYwUUFmVnVfanhOeVRNUTVMczNkSHc0bVJxUm9odG84bC1FWHloZDJlbVY4VzNBRkZfaldfTnd3VzNNMC03WmFUVzRrVlBLZTZoX2dSREhkdUR3UWV4b2VIQVdNY0tyUA?oc=5,"Wed, 15 Jan 2025 08:00:00 GMT",2025-05-08T14:06:17.294385,green construction materials
McKinsey Sustainable Materials Hub Driving Decarbonisation - Construction Digital,https://news.google.com/rss/articles/CBMivAFBVV95cUxQNG81WjR4Yml3NGpSQVJiMGoyY2dnMXY2MzhIc080NS0wMFl3V25SU001ZlJtejZUOVhaZGtwUUh0ZEVRSnRmVXNjM3NPdzQ1UlFtNmw3ZTYzdHBYNnhZZkx2bFpwVWxyaGVXTnZnTk1CenZCaUo0aktrQklyVkhhN3dxenFaY2M3ZTluSC1fY2dta3pIMXRJWVNmY180blZNOUg3MUxUYmtYZFIyUUJVSVVjbkdaRWFIRzBlSQ?oc=5,"Wed, 10 Jul 2024 07:00:00 GMT",2025-05-08T14:06:17.294395,green construction materials
Green Cement Industry Overview 2024-2030: Industrial By-Products to Fuel Cost-Effective and Sustainable Growth - GlobeNewswire,https://news.google.com/rss/articles/CBMikwJBVV95cUxNNDF6VlEtRGR4RUV4eTk2MnMxMS1jQkhyVng2d0VuSmZEeEZMMkFXa0tFN1hUVm5SdU5nY0JMZ0V1cHFSeE9pbVNZbmllOVFNUFlyN3cwNnlpNEh5YzZmOEktRGhPbUJGRUZvOE1SS2xyVVdlWUlUZXU4Ym1zX1RTYXhkakxYekZ4bmtQdFdQQkVUTkl5VmItYlhxYTJha0laSUpnaURsbHR4U1padGx4VEJzdnF5aDBCWUpxSlM0Qy1CSWpmV2hRYVNUVWhNMm5IT1lfWGNhSzloNkY5YjBydXFmVDFnR1ZGZVc3NGw1d3ZiM1RQRFlldktJd1VCWEdia0RBQmhvWDFyTnZIZ1BWNG9CNA?oc=5,"Tue, 19 Nov 2024 08:00:00 GMT",2025-05-08T14:06:17.294404,green construction materials
Circuland raises €750k for green construction tech - Tech.eu,https://news.google.com/rss/articles/CBMigwFBVV95cUxQZHBqZkJZeWV0VTQxTk5UUjFBMXR3V0VONDFONl9uQWhFMDBGc0s5eHNHUVNYbE1rWVpIOGhSd2lIQlhHc0xoczdDRWhydk51dDBCcXNCbDZNUnpObFhHelNFOVRhUEVjaXlIRzFyRGlNd19Za2JpY3Y0M20tNjJIMUVPNA?oc=5,"Mon, 14 Oct 2024 07:00:00 GMT",2025-05-08T14:06:17.294453,green construction materials
Building Zambian homes with local materials delivers benefits that imports don’t: study - The Conversation,https://news.google.com/rss/articles/CBMivAFBVV95cUxNZTFhdE5NT3ZNN1JXYlhYdGVPMmQxOXZZcHlJSVdnNWR4Y3JWTHpnLTBhVHQzMXViOHJadmlIYVQxVm0zM0tZMWlqdDk1dHhYbkdZNHZZYkFMUTN5Z2tfX3B4eUN3OE9qRUR5a0ZRYmozRGR1a2phVk9CazdQVU4tdV83U29yaHowWVhCWVJVZUdQWG54ejZ5Y1lwUUF3VHNjclpFU1FScG1PLUFtcjA4VDdqUTMxUHRjRU5IQw?oc=5,"Sun, 09 Feb 2025 08:00:00 GMT",2025-05-08T14:06:17.294464,green construction materials
(PDF) Adapting Green Building Practices and Smart Technology in Developing Countries: A Review - ResearchGate,https://news.google.com/rss/articles/CBMi1AFBVV95cUxNdUYxRjdmUDBSUVg2N2RCVWlpY1JkdTB2c3YwMzZUY3JqYWlMUV9GUnFjLW1zaHFTd0UzNHpRT3JGeVNqQ0FHQUt6LXJXNEFEVmx4WFBLc01BQjJtLVJXY2VRaldVX2lLYVhrNy0zWE01THljREZ5Y0NEN0NMelNCZjlfR0dxbm0zU1VuRTRkZl92ZHJ4ZEh4dkNUakhZbWxJbVYwU1AzOWowb1ZHY2lOSS1lcDYzb1pDUkJERXNYY3ZGS2hkR2d4SWNrdFNXeGRSYmZaaA?oc=5,"Thu, 03 Oct 2024 09:45:03 GMT",2025-05-08T14:06:17.294475,green construction materials
How Saudi Arabia is making the construction industry greener and more sustainable - Arab News,https://news.google.com/rss/articles/CBMiU0FVX3lxTFBJOXQwXzBNMmg0cWNraDczbkpld2NXRjJ4ODRQRGMwNWFETlYtLW9hbmpzb0lWVEhPNVdHUHd5MWVoc3dkUmRNYTEyZWtQRGJOcTUw?oc=5,"Fri, 24 Jan 2025 08:00:00 GMT",2025-05-08T14:06:17.294486,green construction materials
Building Sector GameChanger Forum - McKinsey & Company,https://news.google.com/rss/articles/CBMiuAFBVV95cUxQNjU2NnltNkZuLTRyQklTY0VIeG1ScGk5eThlZEl4clhpa1piMnJsRnU3N2t4SHdlMjJ4dWJwelo0c1Z1UHR1QU1CYml6SFdYeUNuX2daOEpMcVpFWWtDN1pPNENtZlJZOVRQNWV1Ym5sbWdvM2FaYkdhMGFaemF2M043LU9valJTcU5JTEJROWFGaXdjTVdwdkQ3MTQ4U1JUS19aQkxERUMwSjd5Y1VKYnJFOFNSR3F0?oc=5,"Thu, 29 Aug 2024 23:31:35 GMT",2025-05-08T14:06:17.294494,green construction materials
Deloitte’s Advice for a Sustainable Construction Industry - Construction Digital,https://news.google.com/rss/articles/CBMiugFBVV95cUxQRjFuczZHVXdzNFh6Z0diNDhFT0h3dndBSmhneElUVXJpbkdzWWJZY2RRQzlReHhnNWJKMHZ1MVNiazJGS2xNMVdDVFhaTmkwRU84SC1SbjRsdWI2LTRfMkNtc2J3cEdIWGtIRlFEUjU0R2lOcDhUNXI4aG5aR24tTGd2ZTVqNjdJTWt2MEpNcGV5Wk1qYmhfQkh4YkVHUUdhWlI1Y1k3aVdTR2ZJa0NTdFRQa0pIZ3pIRHc?oc=5,"Mon, 29 Jul 2024 07:00:00 GMT",2025-05-08T14:06:17.294503,green construction materials
Sustainable by design: A blueprint for sourcing green building materials - PwC,https://news.google.com/rss/articles/CBMi_AFBVV95cUxPSW45MTNSYVo2Y3dKRnhaVEQ2QnV3TzY5aVFpSHNNWFZhLUdSX29jSXdoY29NOGRwdXltQy1Eek45Vk1vS1NCelZxSm92QVNQVlByZVJfZVRvendUMEhKU01iaXo4b28zMGE5RkpnYzg2a2lMSENaeThRa3hWTmgxNTcxWG9pcjV2ckVINjBSSEkzZU10cVMwaURZZTlyby11TVNOeUF6SWQtZ1VUSzcxSlZpdWZlMnNZX3FLcDdLbWN4WkZuR0lVZFhnV0NTdDRNVjlDc284U1JSVktPZ2JnZVdpQWdjdXlvT1ZqYnZSUGJJaDBQYzVHM3F1NFc?oc=5,"Wed, 10 Jan 2024 08:00:00 GMT",2025-05-08T14:06:17.294518,green construction materials
Green Building Trends in Africa: Africa’s urbanization provides the opportunity to embrace Green Building (By Julien Fouilliart) - African Business,https://news.google.com/rss/articles/CBMi_wFBVV95cUxPak1fTUdOZHI4eU5MUjFRamt3aWZialJMNDE4NHIwX3gwRi1vY2lFZ0dBb2ppTGVwVU10cm5sc1NBSWVfSGxzbm00SXVUZktMXy1nMDdfRzFLbm5LMjRTUlNNR3ZmTlRNVnJGdnJCcGdFMGVia0MwMzJyUTVOLTlMaGdxR1JWQTdhNEtnU2NxRm4ySm53TUQxN1lTT2ZreXJOc1NkR1pCaDJob1p6SGlIN0gwazZhRlZKNU5JcVBRdU5HaHRNVmZ3OVJfYmNBOTl3elo5M2xlTzZ1SWN3V21MYXBmdlRXMGxTVTlmZDNNZkpjTU4xb3lXS0dESzJob1k?oc=5,"Thu, 31 Oct 2024 07:00:00 GMT",2025-05-08T14:06:17.294530,green construction materials
Vietnam on the way to make green building mandatory - Báo Tuổi Trẻ,https://news.google.com/rss/articles/CBMikAFBVV95cUxNOWJwSWRaa0lSSTBfd3JsY1YyLV9aUzM1TVg2dFJaUks0MTZXQXdaOXVlWk9yYVh4SElqNjlRV0hXQkZUc042dnlVVjdlUWtMbnhpQ2tqMm1EY1pPZElqYW1QR184dkY4V2YzZ293azFWVFJGX0ZtemFhNzhpTlFLZXFGSUFGRnN6UXVmQTRuc0s?oc=5,"Thu, 05 Sep 2024 07:00:00 GMT",2025-05-08T14:06:17.294543,green construction materials
The Role of Data in Decarbonizing Construction in India: A Path to a Greener Future - Digital Builder - Autodesk,https://news.google.com/rss/articles/CBMixgFBVV95cUxNSG9GVGFUdW9UUHBoS0J1Y295MEpnRWpQcTNhS0EzZWdoekRXeklKYTJwX2cwa2NmUXVnRmxsUzZjNUZ6bDJ6THZXeV92d19fR0tRZV9Qb2xMQ1laakdjMWVMZU9pT05CSzdLTHd2a2pjN1ZKZ3hrdXBtVzA1QkNUbTNKU1FrdkpES1RheDdTNlRVRnlIMmt2YXVCamhYZ290S1BibmtSdGI4MGNLaFJZc2FpSlQ5bjlPajJXbGZPc1FpemxlY1E?oc=5,"Thu, 29 Aug 2024 07:00:00 GMT",2025-05-08T14:06:17.294553,green construction materials
Green Cement Surges as Giants Adopt Sustainable Construction - Construction Digital,https://news.google.com/rss/articles/CBMivwFBVV95cUxPNWt6cTJFampRUlh6TldiWVdzRFhRYWViY1F3bXc1RDdyYVExUWQxZlE5ZTNtVUIwSlhWdW96OWtYQzNCNkJ0ajRfNVpoeTlGY2lfakpJMU1sNm0yNEtqZTFuRV8xMlQyYjdOeDBEQUNRQ3FwOHFLdXhUX2Rfdl96QW91ZXpoLTFVbU5FNEZhazdpUi1HV3JkdW9leWNtWTJYOExWTnFjc3NVd0tXdDVjTnhjYmliNG5kZElkbzBkaw?oc=5,"Mon, 05 Aug 2024 07:00:00 GMT",2025-05-08T14:06:17.294563,green construction materials
"Construction Materials Market Report 2024: A $2.5 Trillion Market by 2030, Register CAGR of 6.7% During 2023-2030 - Sustainable Construction Practices Expand Addressable Market Opportunity - Yahoo Finance",https://news.google.com/rss/articles/CBMikAFBVV95cUxQYWNPUl9CcUtqd3lGVk9WNkZiQ0Nla1pLWjBVX3RDd1Yza2p5Qjd4dmR2b3RYa3RjTjVtRU9nQ00xVm9nOEJqRXpMMUtqZGROdFNGYnJpOGN2bGNVcUJQRnRpRHhjNmRkMnJmTVRvcDFZc0stVWFYQ1REN2xXYjU5MEl3X3A0MmdYZFVYc3B1R3Y?oc=5,"Wed, 31 Jul 2024 07:00:00 GMT",2025-05-08T14:06:17.294573,green construction materials
"Global Green Building Materials Market to Exceed USD 857 Billion by 2030, More Than Doubling in Size - Taiwan News",https://news.google.com/rss/articles/CBMiWEFVX3lxTFBweW04dUduOWpXUjNUc2VnX1BEN2V5Zy0ydHRhMjNfT1NmdG1PeFczU1Z3YVBRaUJMdlBmcjFSRUpscEVLSzBrMVlydnc0WW11Mk5OSzFkVUI?oc=5,"Tue, 08 Apr 2025 22:00:00 GMT",2025-05-08T14:06:17.294583,green construction materials
Impact of Green Construction Procurement on Achieving Sustainable Economic Growth Influencing Green Logistic Services Management and Innovation Practices - Frontiers,https://news.google.com/rss/articles/CBMinwFBVV95cUxOc0FqUUg5clNZejBtQXhlY050VzR2S3A1WmZma1VaZjJWV21nRzd6bWVBeGtyS0ItdE1VUEVvWnpDdXFaN3B4X2tWTHRCNS0wOGRVQ0Fib0VDU0x3eDdsd1JENXN3VlF2TC0xenUycVZYZ2xJb1dNZmVTM0swWnpnRFlld1lQSEVjRkVSRHd1dTRxV0VJSjhma2ozTkJ1WnM?oc=5,"Wed, 26 Jun 2024 22:39:49 GMT",2025-05-08T14:06:17.294591,green construction materials
Start-ups Specialised In Sustainable Construction Products Gaining Momentum - Entrepreneur,https://news.google.com/rss/articles/CBMiugFBVV95cUxQYUlxeUdjQmN0YlVZa3p2MnVtVWxuSmliYVBTZVo1WmxqVldscnpXNVlGakVIRWgtTFg3SVZVOEhOUHVOWmZiSGhLN01oMmE3QVFXZ2p0YUJZWXZpM05fNHBCWXNoNU9wZ1JZWDhjSkxRNHRHSEJSdU5YdzJaS0hsbEd1Z3B3TklPTnFnbU14MGVYQUV3WlRtS0Nwd3FNa2k5cGVZR2VFRVZiMmR5QzBXTTRSRDBHdERxdFE?oc=5,"Mon, 20 May 2024 07:00:00 GMT",2025-05-08T14:06:17.294602,green construction materials
6 ancient building technologies that are making a big comeback - The Cool Down,https://news.google.com/rss/articles/CBMinwFBVV95cUxOTi00NG9NX2dHdk5nM0Nrc2FicU16dE53dXMzc3d0WVZCc2RoeEFjR2lqQjhWWDFxMXNuby1LZDNZLWdxNXZJUktELU1hRU8yLUlkZTVfa2gxRXpZb1ZRZ1NkbVY3SlZTYW12bDVONXBnZVE2aGVxWkFWNGplQml3LWFLNU5wLXI1STVCMU5XVnhVRzJEMS1ibWJLUEdxYTA?oc=5,"Wed, 10 Jul 2024 07:00:00 GMT",2025-05-08T14:06:17.294611,green construction materials
Building Green: Sustainable Construction in Emerging Markets - International Finance Corporation (IFC),https://news.google.com/rss/articles/CBMihgFBVV95cUxPZmJtME1wSTNmVWoycWtlMWd2ZDFBeUxzT3V2cy1NWHZOa2JkcVlMREdhUzA0WkFIZks3WWhPUXVzQnZqTHF4WEZJNmFaR21UUDB6c2ZBTGpuNTZXY2xPOTFsckx3QXB0enE0d012bnVwNXF5ME1iTWhLampnRkVlME9YVzdXZw?oc=5,"Wed, 25 Oct 2023 07:00:00 GMT",2025-05-08T14:06:17.294620,green construction materials
Construction giant makes 'green concrete' breakthrough in recycling old building materials: 'The greatest hurdle is getting everybody on board' - The Cool Down,https://news.google.com/rss/articles/CBMiigFBVV95cUxQbWt2X0V4U2haMlNDNDhOREl6elZ5SmJVVHZzLVBSUlduTklidVpiZ0M1amdyeTVuRVdpQVBwMWZsNVBxQzZZc25ucEFKblBabENBSUg3OFBjUXdhR3dSQVpJZTB6TllPTlJDZm12eDJMYUVUc3BjOGJRcjREcW44LVBrNUxheDdmNGc?oc=5,"Thu, 04 Jul 2024 07:00:00 GMT",2025-05-08T14:06:17.294629,green construction materials
Construction Sustainability in Ireland – A Path Towards Green Development - Irish building magazine,https://news.google.com/rss/articles/CBMitwFBVV95cUxPa1g3STc1YzA2bHhSYTU2eFNaWGhXSVJwcHFrNHZzUHQxUllPWFZvU3pENllpVHNlNmw3c0xQMGQ0VHItX1ZxdHB5NnhqbmpkTHFheWVoSFgtODd6S2Rac3Z0TnI1blZQUzJYcm10bW5JVVJ6cXhFSVBGNW9feWRhQUVua0tMUThrVnJ4dlFybFN6THRmYTU5em9ydFBLVkhwbnJ2eWRMb1hTZWJHWGJTSlFOb0ltd28?oc=5,"Mon, 16 Dec 2024 08:00:00 GMT",2025-05-08T14:06:17.294649,green construction materials
Top 10: Largest Construction Material Manufacturers - Construction Digital,https://news.google.com/rss/articles/CBMikgFBVV95cUxORWlOOEFWUTFIQVVHSmpUNHBzS2tlTHRKYU1fdWpqY0IyYlBScHBjWnRfOFFHLXVHNktmUDBvUk9LbDREWmQzSGpSS2dUMmx0WFNZbUlacE5MWnhPUmJ1NDhlRWRpY1RzdUVjUWgtaTV6WHY5bl94YkowS3lqRC1IRkV6WkFrVGR0Unk1WFd2NWFqUQ?oc=5,"Wed, 14 Aug 2024 07:00:00 GMT",2025-05-08T14:06:17.294661,green construction materials
Top 10 green building products for 2022 - U.S. Green Building Council,https://news.google.com/rss/articles/CBMidEFVX3lxTE5YX0VGb3Vrc0JDQUp6dVUtWGFWckdOaF94eWo3aUtPRXc0ZF9TcjBfWHdoR3V2Z1FyM1pHOFRrQTNxaUZXN29TYWxxN251THBJLXBBNFV0dE1hU1p6anA2cC1TQTN6Y2tuZW8tZUZUcDNKbkpx?oc=5,"Mon, 25 Apr 2022 07:00:00 GMT",2025-05-08T14:06:17.294669,green construction materials
Genetically engineered wood to revolutionise construction industry sustainability - Innovation News Network,https://news.google.com/rss/articles/CBMiqgFBVV95cUxNeURYcEZ0MGcxQkZydms2ajEtLWxzb21WRXdCVmo5eGFOdXZUa3czNXd0QWxtcjhwQmVkS2J6Wk1leUozNzU5MGVnMnJVNU9aeDdNTFhvZ0Z5TUhHR3VfOGtHUndMQ1V6V1NqQVo5VGN3TWhSenVpMnc1SmVJZzBndWdGQnhuYmNUbVIyN2RiSzA5eVJwZGtLdjh6MFFQMWc3WlNyVFFqY1VqQQ?oc=5,"Tue, 13 Aug 2024 07:00:00 GMT",2025-05-08T14:06:17.294677,green construction materials
The economics of green buildings: Cost savings and long-term benefits - ET Edge Insights - ET Edge Insights,https://news.google.com/rss/articles/CBMiugFBVV95cUxQWFpYVGRtcmNOcENrYy0tTVRPb0FHWDlnSDY2SkQyRmVFbVBFTEo0aU5iYktJb0FLYUgzbWVKLU1PNmpJWndPN2ptZEdsVl85U3UzejJkaHQ4R1ZuUHpDMGs0RjdkckNZeC1MdmVyQ1F2R0tteGZQbzhzNjZzOWgyMEtWYXZHOGNWakNRZ3FZdS02VlNGQ2tVWkFKM05MZklMUjRiNldJM1ZGTVQxbEJ5OXI2TUJuT3BUVkHSAb8BQVVfeXFMTUtmZTJjLUlFOU9aT1V2SllhRXBjck5XRkJPc3BsOGNzc2taNG41QWZxY18zdDFLNVpta2FZUjg3MTlhR0h2eVZybEVLajRIdXlmMTBsR01MN2NSX09JU2gzYXZwRUR0cG9xRkRpOGl6RXFoeVlqRkNnQ2xGMTg0N0pfdENzMjNTX2o2QklMRnBTaU0zbVlVM0w1cFBPeXZuejZOcV93bEhTdnRQdVB5bzVtRGZySzlEaFZsSjFjNmM?oc=5,"Fri, 11 Oct 2024 07:00:00 GMT",2025-05-08T14:06:17.294687,green construction materials
(PDF) An Investigation into the Prospects of Green Building Practice in Nigeria - ResearchGate,https://news.google.com/rss/articles/CBMiwgFBVV95cUxNQ2x1XzllT29HZXNzR054d3gtRUZUUTVxakxScVZCVW5nb0JXcDRsWW9ZNV9hN1A3aUx1TmpnRFEyWjM3bFcxVzljYjhYZ2E0ekJlaHFFakNaSld2dFhhbzd2QTc3NnljOHpucDhKaFo1bFBZQy15VVZwZ0w1bGF3aE50dWM4SWViLW1NanpkQjJxTkFoYURZa05aTHZaTGdsb3NkM0NnT1pWS3JKc1JYbHAxZEl6dHppX19yeDFyeExWdw?oc=5,"Mon, 17 Mar 2025 07:00:00 GMT",2025-05-08T14:06:17.294700,green construction materials
How a weed is becoming a valuable construction material - Nation Thailand,https://news.google.com/rss/articles/CBMiYkFVX3lxTE5UMVhQQWZfandmS2NzM292VWJlM3p0R2NkOGxfdF8yTllrR05DVVliZ0NsdnFQc2JiYXhvaW9wb0Q1Tkt6R0s3bUl6Z0JleEp3ZnMtRzQ4N3Mxc3pKVjl3OVd3?oc=5,"Mon, 15 Jul 2024 07:00:00 GMT",2025-05-08T14:06:17.294710,green construction materials
Recent advances in green processing technologies for valorisation of eggshell waste for sustainable construction materials - ScienceDirect.com,https://news.google.com/rss/articles/CBMidkFVX3lxTE44emZmeFQyajhObXB2SVk1NXJxLW5qYWowUGktc1FkR24wUi14cUVram9FcWwwQ0cxLWg4U0VTNG9pLWxkY0RlR3NmSTRWelM4Z1NNSjZ6dkxCc05wTTFBbVFBS1pNbGVCZk9DU1hFUlZCLXQ2dUE?oc=5,"Sun, 23 Jun 2024 11:00:33 GMT",2025-05-08T14:06:17.294718,green construction materials
Five green construction trends for 2025 - Builders' Merchants News,https://news.google.com/rss/articles/CBMijgFBVV95cUxQR2hmUTJWTFJOUXpSaHBRRDRIVzlRdXhhRkJodFJheVVVcjBTRC1WQVBiZl9qWjdKUE1fbGZuQzk3d1VKUk9SVEFuOHo1eXV0dzFLeFVnb3BhNTVESWF3NmRvenJ1TURvbW9peWVfRmR2bUtiaWZ2Z2xPSUwtczlIWW45Ukp1aXhBSGF0ajB3?oc=5,"Tue, 26 Nov 2024 08:00:00 GMT",2025-05-08T14:06:17.294727,green construction materials
How Green Building Regulations Are Shaking Up the French Construction Industry - Boston Consulting Group,https://news.google.com/rss/articles/CBMilwFBVV95cUxPbjBSSlkxRTFrd1paRmtkdE5tbUo3OFlNVHI0VTNpQU5uRUVvMXU0bjdqeUgwX3hVZlV0RjVCMkVzUGZXZVBROE56aENCaTdyTDh0ZHNrNEpOVy1mUDFTTjloT2x4QkY0M0RQNXI4VGp2OVFDLWxtMldWS3NSdFExRVIwTFU0Skpla1dXMDA3b1NBcGpkeGNB?oc=5,"Wed, 24 Apr 2024 07:00:00 GMT",2025-05-08T14:06:17.294735,green construction materials
Comparison of green building policies and regulations between central and local governments of China: Analysis based on text similarity - Frontiers,https://news.google.com/rss/articles/CBMioAFBVV95cUxPSUhMWGs4Qk9FcHFMRDZ4N25VOGRoLV9YekJjNnhUNUxWZzVCeG91RHdDelFxUHhlSXpXamI5SVZOUThvSjZ2N3lWQzc1YkY0WEpZMEZXOUVXN1VIdnVUT2dEMi1RSUlQekU1S0hWWFJxVWJ2QUR6cXB2V05Yc0ZHTjl4Y1VFYUctSmFrTG9LajJFMi1KTzBKX2VkaEhybHdo?oc=5,"Wed, 26 Jun 2024 06:11:18 GMT",2025-05-08T14:06:17.294745,green construction materials
IRA update: Federal government works to decarbonize construction materials - U.S. Green Building Council,https://news.google.com/rss/articles/CBMiowFBVV95cUxQdW1NeVZsWHFQaGljbDMzS21aUTA0aEpPbjl0TlNOeDhJb05wSmxBMzBZYk9Pemx4aG9ETW51ZDF1cDJSejh6V05aYTFycmIzc0hOM1ZMTG4xQ2Y0SjNqZ1lPX0JJZG80emJWakVJbzZ1VEgxemY1cmlYa2VwRk5sbHpsSi05SC1UMzNDZ1pUeHFpcmo2cHVoaEppSjdfdGRGVFJJ?oc=5,"Wed, 01 May 2024 07:00:00 GMT",2025-05-08T14:06:17.294754,green construction materials
Bio-concrete from urine: Researchers develop sustainable building material - Tech Xplore,https://news.google.com/rss/articles/CBMihwFBVV95cUxPWXhXMktXUldjSFFTbzVzMjBlYkp5bS1oNkpUOGdVV21iaU9uV2M5TldqZ19WM04yU0RXWkEyUnNqMTdnWV9aa2JUNUlZVnd4VHdlakdRM0FNbTdMNHRKSE04VTFmUHBZMW5td19MZGNlRVNnczBkSkt4R2xhb0JKUmdVWng3S3M?oc=5,"Tue, 06 May 2025 17:03:04 GMT",2025-05-08T14:06:18.110909,sustainable building materials
"Green Building Materials Market to Reach USD 1,222 Billion by 2035, Driven by Sustainability and Innovation - NORTHEAST - NEWS CHANNEL NEBRASKA",https://news.google.com/rss/articles/CBMi9AFBVV95cUxQcERJZUVVTjBGdHF5dVYxaUZPM0lUVFh1b3dOaHktQlVJTF9ONDFsVUJoTzhSYmNNeFhGS3ZZM2lpVnBLN2poejFCNmpPN1NsZThMbmRXWkp4MmZ6dlVsSDl2aGFLdFctZlRZa1NfTUNaa3dienNOc21qVWRqNnloM3NySVJSajM4SnFSYkkyejNlcGNCMHk0ZzMyX3FjdTczXzUzWENpazFpNjV2Ui1LTVF1WS1KSWJ1VHdFV0FMMVF1ZHJteUVfSUJfRGVpWVk4N3dxTUZtNGg4cHRkT0ltaHA3N0gtN2Zrb0ZpaVRraUYtLWps?oc=5,"Tue, 06 May 2025 14:46:00 GMT",2025-05-08T14:06:18.110928,sustainable building materials
Sustainable building material extracted from seawater - Advanced Science News,https://news.google.com/rss/articles/CBMilAFBVV95cUxQZTJOS2lXYzVKblhlQmI4c3ZFRkp5eTZQazZzMFRWRXYtVnY2NFlualZRbFRvNXJJX3R3dkVsNGlrV3o2X1ZldjJDZ21JRDhsbGl6NGZKWnQzYXZpajVXVHNfcTJ6TXhMZ2V5WjNOQTdhOTJVMjdSV1dnTERtZFVhWE5LU2tLUHFvcEJQXzZCZG8zblVX?oc=5,"Fri, 11 Apr 2025 07:00:00 GMT",2025-05-08T14:06:18.110940,sustainable building materials
Pollution Absorbing Bricks Market Size | CAGR of 6.3% - Market.us,https://news.google.com/rss/articles/CBMia0FVX3lxTE1JOG01dmFJV3dZSGRsNjlBX3VBaC0wbjM2TkgxZ0pXOVU1SlpwcTVfU1BWeWxrUnRkQy1VaG9NNEtkY3FnSWFRa09NNU1FWUxuYWR5ZWNibUJxaGpMNjN4V04wYjhzNnFuS2Jv?oc=5,"Thu, 08 May 2025 05:43:28 GMT",2025-05-08T14:06:18.110950,sustainable building materials
Professor Julee Herdt’s Research and Innovations Guide the Future of Green Building Materials - CU Denver News,https://news.google.com/rss/articles/CBMiuwFBVV95cUxNbUFUN2lCbE1aOGlGRTBPZzlvb0JkS2xXbEp0SDNvZkN2UEdqTXF4U0hjLUkzZ2hQMEV1Z3hOR3VYTEZUbExqVlQzN2dvYWotZ2htay1IdjFEZjV4dmZ0TmV4NTRnLVhJWWs5Y2p3cV8wQkJDRlJsMU5sWnhvQWdLZjc3bnVyTG8ta3NhcHhodWpianRQeGJOMHdVM092emM5Wmw2bFpMM2RZaXFpRlE5MWhKTEs5enhhSllj?oc=5,"Tue, 04 Mar 2025 08:00:00 GMT",2025-05-08T14:06:18.110959,sustainable building materials
Mission Zero Technologies Launches First DAC-To-Building Materials Demo Plant - Carbon Herald,https://news.google.com/rss/articles/CBMipgFBVV95cUxOY2I3d2gzTHdsaFdQOW81Rm9XOUphNDdRWDJQUEhwUGlHNzJfWUpYVUptOXZwZFFkWmoybG1zSnowcXltZC1HVXVMQ2xHWWdKQ3BVM0VDdW1tYnNpX2c5b2VRdlFydlgtampLbk1oYm9fN0V1anFhVmR0dmViXzQzUEdjd3dSUi1sVktSbjJqTHpyVUE4aHZ1eC1MODI1V3J3bTJsd3Zn?oc=5,"Mon, 05 May 2025 10:45:22 GMT",2025-05-08T14:06:18.110974,sustainable building materials
Exterra Raises $14 Million to Turn Mining Waste into Sustainable Materials - ESG Today,https://news.google.com/rss/articles/CBMiuAFBVV95cUxNZUxGTmw1YVdSTmQ4MEdOcjlneGNWV1NoWk5qOVZpa0c5bkdsLVl2eXFEZTkybHI4bDR4RnplUlB2elJMampySW5Na0x5SFJKRjVnRWZ6QnBsWmtsc1VoUlowRGFwZjYtQUFjZGFyZVZRYWlzMzZaSjVUa29JNTJvczI5UGx6UXZoUHhjZ0RkSlJ0aUpwc2hQN3phLXVoV29xbmUxdG9EamNYczc3NVVZVDBCeTNjTWpt?oc=5,"Tue, 06 May 2025 15:30:22 GMT",2025-05-08T14:06:18.111098,sustainable building materials
German researchers turn urine into green concrete similar to sandstone - Interesting Engineering,https://news.google.com/rss/articles/CBMizAFBVV95cUxOQ1pST2t5WlV0amlvbUdhakQ1THA1d0JXTEVRWC1XODJzdWMyRmdFekpnSllSeVpUVmJST0IwUDF3VWNOTnVfQl9PV0Z6UWJGTDN4c3AzMDNablRjVTF3TE96VXZXSFBTQm1NS0dCTjdzQ09YOF9jal9rd0FCV1NmM2U4TzhhbTNPTkxwRnBjNnBQS0ZITE9hVW14aU1jTTJEVGYyYjlCUVF4VXF4eE53MDFMQzNzWko4bHJNV3hDTTkzUTVFNTItUDVVamE?oc=5,"Tue, 06 May 2025 20:08:00 GMT",2025-05-08T14:06:18.111109,sustainable building materials
"Green Building Adoption Statistics By Certificates in U.S., Usage, Impact and Facts - Coolest Gadgets",https://news.google.com/rss/articles/CBMidkFVX3lxTE5ULWhRM2RzUVdieUxic1p2U3FIeW1TQUhNc1lUeWY4OWZaNVV6VXd6OXRCd3hXa2xOTWRCN3N6REFZNzhqN0hBVTlUZmptQWdkVnN0RGZyWWlRRVN6ZGJLdi1MTXB6QWFfbkZfVTA0SEdKRTNQZ1E?oc=5,"Wed, 07 May 2025 09:02:39 GMT",2025-05-08T14:06:18.111120,sustainable building materials
"European Fire-Resistant Construction Marvel Isotex Enters US Market After Success in 400,000 Buildings - Stock Titan",https://news.google.com/rss/articles/CBMitgFBVV95cUxQMGJRRHFiZmQ3UUNFNjlieDFhbkp4elk5UjBlVGR3M2gtYlduMjZkSDBQSzNPNXJ5ZHI1aVhwMk0zVWVhRlJnUUoyOXJibkxwNndyeUl2VFR6RlgtWWU0eHBWbmRuV2dVZVlwVFJLSHhZUFVoenM2aXVHRDZHZFpqQjZOaTRpdEVuLVVsbW5LN3BoQXlMamRfM1RyQnRiZGxjYlVPaEpLeHE5Y182OXNCeElSRG9CQQ?oc=5,"Tue, 06 May 2025 10:00:00 GMT",2025-05-08T14:06:18.111129,sustainable building materials
New carbon-negative material could make concrete and cement more sustainable - Northwestern Now News,https://news.google.com/rss/articles/CBMiwAFBVV95cUxOb1hZNlNyZE0zR2NJWTBpM1NLMC1hejdPLUctYllRcG93MnNCbEZadmttX1VxcEpibHd6OHlHdDhYbzNPa0VLa09HMHY4ejJYenRVT0pQU3dmenlRNHlUUkZBTmhzRjMxV1V4UWtSZkJFMEp1c3FYMmxoMGdKMlhKcm14Z0s2OE9GVExzTU5ibnJZd0FjbUN4M3hjVlllTTMwRE94cWY0LUJzZHdJX0pfWmZfb1BVanZPTDdyVy1SNVM?oc=5,"Wed, 19 Mar 2025 07:00:00 GMT",2025-05-08T14:06:18.111140,sustainable building materials
Sustainability in Construction Market Boosted by Technological Advancements and Eco-Friendly Building Materials - openPR.com,https://news.google.com/rss/articles/CBMiiAFBVV95cUxNZDA1bEVSX2tNQkhqOTltcXUzZm55bW1kVmhTMnlEd0F4aFFXdUVKTno3V3hmWHJpTWlxTUt6Y1daMUhjTGJzV1dkcnYyQUNBVnYwd1pBQkdqMEdvQVF4Mkl0aHhJdFhvU0h1cmp3VGRTUC1ZQm5xbG1pLUZndE93XzdEN0ZtRXgx?oc=5,"Wed, 07 May 2025 08:20:00 GMT",2025-05-08T14:06:18.111150,sustainable building materials
"Limestone Market Size, Top Share, Growth & Trends Report 2033 - Straits Research",https://news.google.com/rss/articles/CBMiYEFVX3lxTFB3eUt5UHdlc3ZNWWptLXJoVWF6N2NXM1NsZTNRRGpsSmRPWjQ4dGFYc0tLMzhCdDFjdTI4bEVLSjdyeHN0c0pFTFVUYzY5anVVMWo0bDBoRklXZFpVU09xWQ?oc=5,"Wed, 07 May 2025 13:28:56 GMT",2025-05-08T14:06:18.111159,sustainable building materials
Sustainable building groups release policy recommendations for new administration to address challenges in commercial real estate - U.S. Green Building Council,https://news.google.com/rss/articles/CBMitwFBVV95cUxPOFZ2U08wSzdXZ2RpVDI5Z2trREVwZVdsYmtxRTFNOEM2MERCY24zWmJVWXl0c1RlbGpHX18tYUswLU14X3FoanZoeUNLOVVyY3A0b0RHejRoZXFLb3RsYUNGZDNkRTV3MDd3a0VOakFYZVBsYzgyaE9mYXlmbFlKbHh1cEFYWV90V1F5cTByN2ZmN3hTMHpRWl81LWFLM0lnM2NyWEt1NWo0MHF6UThPQ0xPUzY4T00?oc=5,"Tue, 24 Sep 2024 07:00:00 GMT",2025-05-08T14:06:18.111168,sustainable building materials
"CRH unveils ""Sustainable Building Materials"" accelerator - HBS Dealer",https://news.google.com/rss/articles/CBMiggFBVV95cUxPVk9uVkVhYWhHWHhHajAxYTlhMWZSclRpYzQxOVZHWWw2d2E2M2g4X0R5UU5DSHd2bkFpUzZsX29naWgyU3p1RDdUcmExamRLWmd5REh3SEF5NHd6RVR5dkpIU3lMaUwwV05wdEZnRmxXbXBNVE1pcktiOGFoenNyU0FR?oc=5,"Mon, 21 Oct 2024 07:00:00 GMT",2025-05-08T14:06:18.111179,sustainable building materials
Sustainable building materials company launches fire-retardant plywood - Woodworking Network,https://news.google.com/rss/articles/CBMixwFBVV95cUxNQ3dZdXBEM3FVenBJZ3phdnMxbi1tWmpxaGxEQWlJeFNKRVRQSHBKNXREUmFTVjZ2eTZxajhGbGZnTjc5d2NlOVNLOVBmMnhldjRWczNYZGtYUjRQMHlHSDN0ZnNsYkNwVU1tdjVEQUMzNWRnM2dodWtFRURmZUxhRk14LWpwZm95cXViN3hsd0RnTzhYQ0NwaVh3LUtDMk1TejRaaEtfWnZWcm54N204MkRvTUJSTERGVTlCSnM2VGdkRjZidG9N?oc=5,"Wed, 23 Apr 2025 07:00:00 GMT",2025-05-08T14:06:18.111189,sustainable building materials
New carbon-negative materials could advance sustainable construction - Innovation News Network,https://news.google.com/rss/articles/CBMiswFBVV95cUxOQkpGbDZnSVpJejdBRXg0bDVFUXZ0ZGcyQUJOelNFVUNmYkhWZnFEUmV2ZFBhWFBXbkhHZkJYM3NHQWdadzJqeGtqOXBHYUhCOThJSHVDUkowNTltSTZUT2o5SXExbmoyMmFKOHM1VGVoRmhMR1Fsd3Y3Nk1GWVA3TFZQWGE3cFFQeVhTaWxNdnQ5RUpZcUpNVkk3MzQ5Z3l6Um44MG9yblp4eDJJTlM4dlhsSQ?oc=5,"Wed, 19 Mar 2025 07:00:00 GMT",2025-05-08T14:06:18.111200,sustainable building materials
How Green Building Certifications Are Driving Demand for Energy-Efficient Products - BBN Times,https://news.google.com/rss/articles/CBMiuwFBVV95cUxQQ2VkUjZfNXVqbXRYQTM5YzA3WW9HU1BGNE1QeUdERUdFT3VFemlIMzB2T1FSdVhfTUJKQjNzU3lDUHVxLTgzQVR0TVJIVXA3RVpnVjhpSVR1c0tKem5pX0R2dmZFS2piNV85M2VoZHZ2T2haX09pUXZfR0UzUmc4eEZiSXQ3YmlkRUs2UVo1d05FT1hCR3hKbm5STDBHamFXb0RRRnozR3NpajBVZkx4OWVCTkFiWXhQMFNr?oc=5,"Mon, 05 May 2025 21:01:35 GMT",2025-05-08T14:06:18.111211,sustainable building materials
New Carbon-Negative Material Could Make Concrete and Cement More Sustainable - Northwestern University,https://news.google.com/rss/articles/CBMi1AFBVV95cUxPR3c4cVFjcUJRajE5NjRlRjlWdlNBaW5iaTV4YmZ1Y3BDUnFaRV9VM3NZejlEcDMzNF91NHItTzlNYlZ3eEVWUUI3c0RaUzhNeFFlTm1nMXNmeXpkaFFNOWRxUzRJRUx5VHYxbW52VzVDUS1RNUNZQXFXejRuWjMzb2xoUXRsVlBmd2hndDFFVlJDQUM5Qm1fSVQ0UzdheGRCbURPd1FPZ25NSWhrLTMyTnlabXVUSjdUdkVLaGUwYWlkUzhseS1wRjZRaV9OQzA2ajRoMw?oc=5,"Wed, 19 Mar 2025 07:00:00 GMT",2025-05-08T14:06:18.111221,sustainable building materials
7 products for 2025 that align with LEED v5 themes - U.S. Green Building Council,https://news.google.com/rss/articles/CBMidkFVX3lxTE9WaFo2LWlWMTRibG9VZXlnMy1hcUxrcFhtWkVKNnplclUzaEFKYVlUcGpES0h2V0ppd2NsRk54aXBiLUloRFBJV0xSa3IxeTJhVzgzQW5lTmZHQ0Y0NlRKM0E5V0Y2R25vQkV1a05HTERndW9FTEE?oc=5,"Wed, 15 Jan 2025 08:00:00 GMT",2025-05-08T14:06:18.111233,sustainable building materials
"Asia Pacific Green Cement Market Size, Share & Trends, 2033 - Market Data Forecast",https://news.google.com/rss/articles/CBMiigFBVV95cUxPMC1zR2ctSXBRNWZYVmtfSXVnTXhYN21fblZJOHNJd3hwaWRCT2hZVy11YjcxQk9FbzR5eEc1MkVPQU9zb0R1M3did0VzazJpMUdnX3dOaEZYbzBBSEJQejdKY0hudE1vZzV6NHRldXRWY2pvc2ZwVzNydmFDc1BsWXVabGZZZ2pjZXc?oc=5,"Wed, 07 May 2025 09:06:54 GMT",2025-05-08T14:06:18.111242,sustainable building materials
Top Sustainable Construction Materials to Build a Better Future - Autodesk,https://news.google.com/rss/articles/CBMiiwFBVV95cUxQaU5wWFM5RjloTVJOR2RUR2kxS1ZXdnU1TDNENnhOanB2VHVDcVlUVnFMdFZzNEJhQllFXzdoclYwTVhZRWdvOXFhdmt4d29pUmxDelVVVkFvOG9heC14aWRBR3pSNW0zZzdTdVZ6dHpLYTFUUTU1LUZKbmVJNUxFeDllXzd0ZmxucUFN?oc=5,"Fri, 24 May 2024 07:00:00 GMT",2025-05-08T14:06:18.111252,sustainable building materials
Leading in Sustainable Building Design - Kaiser Permanente,https://news.google.com/rss/articles/CBMihAFBVV95cUxOQXM3cjdoTmVmQVZCejJ4ZU01N0Vtek5kSk5aRkg4TzhFc28zaUFnU3BsZl9jWVN4cUxqVjdra0RyVEZpUWdRWFAyM3dmX3JnNWdZbXpVWEkyWTZibjB6M2E2Z0hYSXozd1Fmd2tiNjlkaGNETnhZLUI0d0Z1YTctV19rbGo?oc=5,"Wed, 16 Oct 2024 07:00:00 GMT",2025-05-08T14:06:18.111262,sustainable building materials
Top 10: Sustainable Materials - Manufacturing Digital,https://news.google.com/rss/articles/CBMiekFVX3lxTE1tT0tZczZHSUgwWVNvNE81QmVYeVFHbF81NDNXODNYblo5eTJKRGY3eXh0TlF4aGxnUl82V2Q3ZWVZdEgtc2ZhNlhvNmtVcXRZcnJ1aFlyWjRXTVB0ZUxHR0ZoSGtnQnFzeU51RmFzVk53eExxZGtjZmtn?oc=5,"Wed, 05 Feb 2025 08:00:00 GMT",2025-05-08T14:06:18.111271,sustainable building materials
Sustainable building materials create better indoor climates - Innovation News Network,https://news.google.com/rss/articles/CBMiqAFBVV95cUxQRWFpNlNab2xfSExFWm1Uc21PTDlNLW5WYVEyOE5rbzhxZXQ3OTgwdnVZZm5UVnlaWGVsWVBacURCYkxhQU9iV05UbjkybXMxUjBzQjJvaUlUU2pWRGJwRHlZWDZhdTd0VjFST1dRcUdoeGR1M05xaTlBLXg3MDMxZDVtazZpbmNacEE2ajk3U21xUlFEUUNfYlRERHZ5T0lrQ2hMQTB2Mjc?oc=5,"Fri, 10 Jan 2025 08:00:00 GMT",2025-05-08T14:06:18.111279,sustainable building materials
Green building materials undercut EU plastic goals - Science | AAAS,https://news.google.com/rss/articles/CBMiYEFVX3lxTFAtVTFnUG12NXZ3bUdrdkt0NWdleGdxcjJndHZFem9FQ1BuSVFYdUFDWlFRRE4tNTExa292ZUR4S0dYZEJ6QnpVREppbFhqNUdQREtBaWxlYmhSQUUyRUhIQg?oc=5,"Thu, 09 Jan 2025 08:00:00 GMT",2025-05-08T14:06:18.111303,sustainable building materials
Recycled glass market to surge with growing sustainability trends - London Daily News,https://news.google.com/rss/articles/CBMimwFBVV95cUxOLWpoVkJGcEgyQ2FpNWlCNTM5WXJQbXhqREI4eV9UNzlieHUwMG5MSjhXNy12ME5GMzJwWm1PbGdpYUhkdUE0Z1ZFSUFnSEs0YV84aDFydXhOWVp2M3lyZGNqZTJzak9LU2lDUjlWMlpCcGYwRERIbXcwMnZjMkNCSlRxV0JkN2NFbVVDOTR0SkFSd29lVkVBWTRiUQ?oc=5,"Wed, 07 May 2025 11:06:38 GMT",2025-05-08T14:06:18.111314,sustainable building materials
Researchers make unbelievable discovery about next-gen construction material that could revolutionize future homes: 'A promising solution' - The Cool Down,https://news.google.com/rss/articles/CBMinAFBVV95cUxPZ1JucW9DaWx6SHIybGZQZWdmOF8zWFBIemxtUnlsaDF5alJ5TTZXamJ4Q0c1UzUzcG1QRVpLYnBFc0tLdVZYbHBvNjM2Z1VETThDODFuV2F6MDBjZ0FRWWY2RVJtT0QwME9xZS1IUGhhRldObU1QMXNGR01VeWlydXFSTncwc1h5blZualAyMmtad1VyVTJlVVUzc0o?oc=5,"Sun, 30 Mar 2025 07:00:00 GMT",2025-05-08T14:06:18.111323,sustainable building materials
Metro Vancouver upgrades sustainable building practices - Recycling Product News,https://news.google.com/rss/articles/CBMi4gFBVV95cUxOcmw5MEZCY3oxWEZCMl96bC1VSGV1UE9IcnZJOEYxQXBuRUd2eF96VUNLY01wVXRETFdLSlhWVV9tTjF5YXhLQURHZ3BpTDBXYWNycmxBN3JkUVZqR3RJVFpzYnVjYTl6Qm1RMk1FUFVDT0xrd3lZdzlSUXBjRHloOEhxNkNSSkprQ2h5dUp2UVZmUVJ5RTh1N1YxcVpOd0tGd3FRQi04bG1KQ0NQMXZNVmlFU19GRWFoWkJ4WDVyTnBRbm1vckdSYXVfWTZfM3liY0NTQU1rZzJuQzNMX1NsTG1B?oc=5,"Mon, 07 Apr 2025 07:00:00 GMT",2025-05-08T14:06:18.111334,sustainable building materials
"“Scientists Create Steel-Like Wood”: This Revolutionary Breakthrough Could Replace Concrete with Iron-Infused Timber, Shaking Up the Construction Industry - Sustainability Times",https://news.google.com/rss/articles/CBMioAJBVV95cUxNeWpGX21nbEN4US1fV1c1bm56SS1KTmRvLVBES2dUZ2x2MVZ0cWdNREtxRWs2Q2twLS1OQkNSZzNuRkl5RDFMcTB1OWdaemRIM2d4YnRNOXVkbXc1eVF6MS1SZTAzcGM2NDlnZ0xNTG5hc1UxSXhtSTRZRDlaMXZyRi03VS1rZ0N4TjBfVGRtV3l2LWhKcml1OUgtOFpORkdJcjRHR0U0TUU5c1FyVlBhZEI2Qm5BUUtOVjRfTGpVUi1DVXEwekhjZjg5b1A4T1ZtbFhkekNwREFKZkhYZ2xFOGl2UTkxNDRxSkZWekRWQjE1dnZ1b21tQWJLWTBWWW1oek9iNzlNVTJ2c0FvYlZ2NW1NSWZ5TWUxODdzM0twa04?oc=5,"Fri, 02 May 2025 12:54:36 GMT",2025-05-08T14:06:18.111345,sustainable building materials
Carbon-negative construction creates stronger building materials - Innovation News Network,https://news.google.com/rss/articles/CBMirgFBVV95cUxQN0hkcFdpeHE1WGVSSkJvbGJQZUl5RXZmaVZGUWl2Wjg2ZVNmTWt5a2FtTjZ5MmNkaVJGV183dDg4VzU1b1NiVHZXLVhrUFVkUGxXSF9udTFKbWhtTzB1Mlo2NF9NM0VPaWhuRndzS2FQLVB3bUpQSGV1c2JpRURvalBGQ1kyc1FleHdMM1pWaERINnNUSVQ1Z1pKNVZXSGFDckl4QkVnUzBfWlFnVXc?oc=5,"Mon, 24 Mar 2025 07:00:00 GMT",2025-05-08T14:06:18.111361,sustainable building materials
Transforming Waste to Sustainable Construction Materials - United Nations Development Programme,https://news.google.com/rss/articles/CBMihwFBVV95cUxNOEpWOHJkZ3B4WkJCT0xoRVpsRlQ4eEprTUx0Sktjd2hOVEZ6dzNpUkptM0YwckVEM3QyUWtpbHJFaHNJV2hjTXVKQjN0OGV5WC0wYzFCcU10MVRZQTd3bFpRSjRTX2JaaHFUMmJHVTFSdVdtSEprbVFCa1RvcUlMTmtldDFHMlU?oc=5,"Thu, 13 Feb 2025 20:48:28 GMT",2025-05-08T14:06:18.111370,sustainable building materials
Editorial: Sustainable building materials from recycled cement/concrete and recycled industrial wastes - Frontiers,https://news.google.com/rss/articles/CBMimwFBVV95cUxNalRDVkVzblZNUThvVGgtWDNsX2NfNW9jZVNxLVNQMmE5UERTQlpoVWJfSDJja1VaakFHM25KWVZuRGtsZjlXWnlBam5PUktLWlV1RzJtSTVRRGtYVnM1QTk5bWhTY01jb2RDcWNBLUhYdDZRX21PenphNHR6S016SmwyblQ3Mjh1ZVFadlpKdFdiZEN4dUNlcGFJTQ?oc=5,"Thu, 13 Feb 2025 19:43:41 GMT",2025-05-08T14:06:18.111379,sustainable building materials
Study Shows Rice Husk Ash Can Strengthen Earth Blocks Without Cement - AZoBuild,https://news.google.com/rss/articles/CBMiW0FVX3lxTE1XbGJQdGlnMGpDVGVHVFc4YV93WTd3UlJxd0hYbURsWWtjYTJqeTBPTlBOeHhNSW1nWjQ1SnFoclRSNVh3MHRPUVQ2MmZLVkVjZGw1dWlENGNIRGM?oc=5,"Wed, 07 May 2025 06:45:00 GMT",2025-05-08T14:06:18.111389,sustainable building materials
(PDF) Sustainable Building Materials and Technologies 2018 - ResearchGate,https://news.google.com/rss/articles/CBMipgFBVV95cUxPbF9IYVNqRjBpMkZrYVVIWU9jQUkzZHhIVXo0TTdESGVwOXlsNDVaSjNUcUNRMEVOLVp2aEc2VlQ4aHU3NDdKWS1ibkFzUHo5cUI5OTJ5T1RrT2JsM0F0eGhVS3JRdlkwSnhIS3p5c3lMMlI5bVRMRU1DOW5Kck5HVlJkOTFEWFdNSkNqOHNnX0Y1X3F2OWJweDhPdVlBbHIyS2tTVUhR?oc=5,"Mon, 09 Dec 2024 08:00:00 GMT",2025-05-08T14:06:18.111398,sustainable building materials
"Updated Harvard Sustainable Building Standards advance climate, health and equity - Harvard Gazette",https://news.google.com/rss/articles/CBMiyAFBVV95cUxNU0cxOFo1QUFhUlVMeFJ1WTk1NVRCNEtiU19IVlhrdzVKSGZYT2NDTUpROTB3SWNnVjBMTHB6WjZFUnJJUnZmc0w0S2E2WUpFaVZMRWtOWkFWU05ITDRfbG44QVVQNC1NWWVVcHlIa2dZX0l3Wmo0c2d2WGhoTjcySUNfSEtUQTc1MnBxbDEwajNDdFdNU2E2NXp3Zkk5YUxPRURrcS1uWk83NWRmTW5yZGFIZlFiaHdudVgxOF9lblU3cWFNSnVHVQ?oc=5,"Fri, 15 Nov 2024 08:00:00 GMT",2025-05-08T14:06:18.111408,sustainable building materials
What Are Sustainable Materials? - AZoM,https://news.google.com/rss/articles/CBMiXkFVX3lxTE91TDdhaGJIalZOU2RkOGFKT1RIcUQtUE8tUi1UZUpyZFZ1WW9sdXIySlI2amd0RE1GZTdkR3lPYV9aWGFOS1dhdWZDTGFSV1VDS2g0MVJTSzRuUlBzTFE?oc=5,"Fri, 04 Oct 2024 07:00:00 GMT",2025-05-08T14:06:18.111418,sustainable building materials
"Green Building Materials Industry Report 2025-2030, Competitive Analysis of Amvic, PPG Industries, Alumasc, BASF, Binderholz, GreenPatch, and Owens Corning - GlobeNewswire",https://news.google.com/rss/articles/CBMixwJBVV95cUxNQm85Y2pmUTZMM3BUdFdvQWEyM3pJc0QyQjJpZHVvZkZLWmJkeUZ6RlhXNjNtWVpvRmljcTl5cmJBZ0F6YnU1elZaemZ1dnhob1FKbE84MHJoQnZxaklIRjFjb3dzTmlna2hpMEFvd1gyNzRhdlpmNGZJOGE1eVU5aW5BUWhJY21rckRlejBVdTVEdzkxU0JwaXA3ZnVkdHhLSE12eEpGNWRoaXVZbnlvb2g5QnZqUDJneS1VQjI2V3J4aWl4dWYtZTMzTmlPOXlfQnJqOWlZb2VPdkYtajNMZzVneXdMQzhVY0dwZmVwRFRza3ZZenlFMzNmbzRmM20xNlB5cS1BeVVZRTRTUldGaXBIN050VnJBU3h1Vlp4S1hWODNxTFY0blQwaVBmQlBXMEN6VmdrSmhKWjNDODNRRGo2THhjcUE?oc=5,"Thu, 16 Jan 2025 08:00:00 GMT",2025-05-08T14:06:18.111426,sustainable building materials
Building a sustainable home could get more expensive under Trump - Fast Company,https://news.google.com/rss/articles/CBMiowFBVV95cUxPNVh2bk5YU21obWxmbVlWdnZNNXhfaEg2YVA3ZVpzQ1dkZjQ3MVhzRnIzbWVrR184MmNOR3NQZmtJdEF6dHg1anAzNFU2djRVem5xbm10eXIzWFJKTGJMSS1mSUFkdEUxTVhjVWtzLTJrY3dPdVdLVTFVQ3BnaE9SNVpoRjV0VXRmaWhPVjQ2UUw3MjR6S090RGhRak5iMWctYVVv?oc=5,"Mon, 25 Nov 2024 08:00:00 GMT",2025-05-08T14:06:18.111441,sustainable building materials
"All about CLT, a new sustainable building material - marketplace.org",https://news.google.com/rss/articles/CBMiuAFBVV95cUxPdkRJWERjMVJzdFQtRHRBZkNuc0p4SU0tSURtaUFXckZZMndxSlV1VFZJMnNOTkVyeDllS2kwX2UzUDhxTG9ZS2dUT1duZEVmY0szWGRuUG8tZmEtcDdUTlpjMnNEclRaeGFycXdpa3JYTC1Eck1IMUlDM215MHFGX2ZtcE5iTjdHNWdUNmM4bE9hdUp6S3gtTHlaMVkyYXhJcGNXVHZKa1FYdEdmdGJqY2FianFiUUFi?oc=5,"Mon, 30 Dec 2024 08:00:00 GMT",2025-05-08T14:06:18.111451,sustainable building materials
Could lava be used as a sustainable building material in the future? - Euronews.com,https://news.google.com/rss/articles/CBMizAFBVV95cUxNU1hCUGhCMWVuTHJlTDRmNm5KQklSa2ZuRW0zNHd2QWhRM3d0R3RzMVRPRUMySE9IM0V4VWI4NV9rTTZhYnlCak9fSmFhWVhzVm9MQkRwbXB4ZjN0WHhqY2wta0NTNzYwZXN1Q05QU2NBQVhzb0JGWS1lSzRFc2JxODRmRi1jRVJEaFdGNnVoMDh4bmkzaXBxcWU5dFpVX1lJWHY1VVBlZ1BSZ2ZtcFc4Q1VtVFFtOF9SVEozNjZDb2hXZ3piWFNIWVpzelY?oc=5,"Sat, 14 Sep 2024 07:00:00 GMT",2025-05-08T14:06:18.111460,sustainable building materials
Scientists invent a solid carbon-negative building material - The Week,https://news.google.com/rss/articles/CBMifkFVX3lxTE15QmtCMTBQOWQ5WC1Na2U0YjBWTS1FVlppRzlUc1pNSVFRTmxnUDZaLTVaT1hyRmF4T21rdGVkU0lXMTY2U2Z6djhONTFvTUt4eWQzbkFSRFExWjBaUWFfc1dSa2poVXRHX29HNDNBcDhVY3lUOUFnM2dWb3VZZw?oc=5,"Mon, 31 Mar 2025 07:00:00 GMT",2025-05-08T14:06:18.111480,sustainable building materials
Rethinking Sand as Earth Material for a Sustainable Construction in Egypt - Frontiers,https://news.google.com/rss/articles/CBMioAFBVV95cUxNZEU0bTFjWWVfT2ZEYm9wNnRqTjBVUkZsbmt0cEN5V3o0Rjd6Ul93WDEwY1R6NnVwNExYdzNiS3hTSTdOcnhfcnppeTZzcWR5RzNXOUFLblIzM1pPRGxjS180aF9TVWxHX3Q5ek5Oa041N08zV1dkTU56cHlxS19iUi1jSUxZUm1fRl91WXRPTUc5bUZIZXhxWktBVlVYdFo4?oc=5,"Thu, 24 Apr 2025 07:00:00 GMT",2025-05-08T14:06:18.111489,sustainable building materials
Analyzing the Lifecycle of Sustainable Building Materials - AZoBuild,https://news.google.com/rss/articles/CBMiYkFVX3lxTFBvWHpYVE4xLWlSY21FNXgtZTNiTlNoa2xQMnFJUGxyVXNyQWJETDQ4SlhiY1FNYmJVZTM3LUFDVUgxMUhJdzFLd2o5MHJRSHhZUFB6UFA1YXdERmI2UG1GS3dB?oc=5,"Fri, 14 Jun 2024 07:00:00 GMT",2025-05-08T14:06:18.111509,sustainable building materials
Carbondale-based Flora Materials developing algae-based sustainable building materials - The Sopris Sun,https://news.google.com/rss/articles/CBMirgFBVV95cUxQUklucDFfLXFyQXlTZGdXSWFzeWFoNENJTmRSaHM3Ri1YRkFBWU9EYkxtSHNRUEo4Q2hEdjVTQnVZYlBDNzhKX0hoLXFvcmhlMkZZN0o1T2xHVUVOTVdYeDRKem1GaVdLcmphaFkxNE9OVFRfdHVXbi1BZTJsQTZSUWxHb2dLM3VPN2lmTl9XczVhbUJ3eEVLdHpUWFJHU0xfb2lLSGJiUkZ5OUlJcUE?oc=5,"Wed, 11 Dec 2024 08:00:00 GMT",2025-05-08T14:06:18.111517,sustainable building materials
High-rises built with wood are showing up as sustainable building options - marketplace.org,https://news.google.com/rss/articles/CBMivwFBVV95cUxNNkZHOG16cTA0Rmo2dFU5Ym94MGpnYXIzanNWenczUFkzOTY4ZU5sMHZ2a1hpSHFmTFNhQmZROTdDTi11ZFljd2VvZndTZ2drOWd1QjVEVjhkc3ZZUVV6dVk1WlJUeUh6NGZfX2F2UFJaQlczb0ltbXRTVnNsOF80NExzSVJuU0tnR2podmRCR09pQUNvNzBDalNTQjM1elRuWXBtUTNvTWU3SkdRVDBUTzg4N0x6UmI4Y19OdXJmaw?oc=5,"Mon, 30 Dec 2024 08:00:00 GMT",2025-05-08T14:06:18.111530,sustainable building materials
‘Carbon-eating’ building materials research set to advance sustainable construction - The Manufacturer,https://news.google.com/rss/articles/CBMiwAFBVV95cUxPbm9va0FYRkpsbHdUdHNOLXc1eDlRa0NJZi1iOWhsenI2TFhCUENuajRWd2JfNmdHbGV5MlhBVllJVDZxZmRNV2FyZnpES1JuWTVEYTBLMzRsX2ZabHFoSk8wanFsMXE0d2VVc2NBRnhrTnFxeUxwR1F5Ymk0NDNXRDVoZnlkaHdCdmdWMC1IenFXZFpnU0FRcmNLMmcweXV2Yzd3dHd6dXlCZWtSdWtjc0ptN0RwdWZUQm1mMll3RXM?oc=5,"Tue, 24 Sep 2024 23:07:54 GMT",2025-05-08T14:06:18.111548,sustainable building materials
"From giant Lego-style bricks to artificial reefs, how the construction industry is using tech to tackle climate change - CNBC",https://news.google.com/rss/articles/CBMiwAFBVV95cUxQWFJnUERCbk95U3pOOGFsTTZsbzFIVlBzdDREbzZXOGJjalNKZ3JiYVlULVY2UGpCYnpyVHYwMzNUYk1hWHBqZlRtMHJrazVHdjhvLUZvSGNqOGx5Y2Fvb1lleHhJZHBDdFJKVlJ6bFo4OFUxSXctdHVGTENCTGl3UzFvdTF4TEc2MVdRUWZuaVdpWTE3ZHRiWENLdUxSNnlTV1hkZmtVaVJrMTJ4bXVPdzY0dzJheHlsbVg0UnMzYkPSAcYBQVVfeXFMT0kyTUFORXF4azcwZkdmNXFJWXpIOEdTUkRDZFZnYTNOcDV0NHhIeUVBaTR4dFBsTmREM1JqM210WnVrSVV3VWh6bEJwYXlDby1QOXRrMFhZUVUzbzN3bWVFY3RjalNnbF9EY05jMG1ONk0zLUplM1NWeDE0aDBuVVlmTXNtRlduXzd4M2dQRnBJbFktMnZ4aHdYeG5Ga3hQVWhFaXZJNmVFcktrSXJObDRFdHF5NjZqLW5ZVlhhMmR2SVVzM2FR?oc=5,"Fri, 17 Jan 2025 08:00:00 GMT",2025-05-08T14:06:18.111560,sustainable building materials
"Coral-inspired technology turns atmospheric CO₂ into durable, fireproof building materials - The Brighter Side of News",https://news.google.com/rss/articles/CBMixwFBVV95cUxPUDVjSTF3SEFGbEdaMnFkRW11bDg2M3IzLUFPX3c2cnRGb1ZucS11TG5iaGNaakp0T1hrTlRlNERhX191MjRLTlFvZkFiMi1uaWxDZU9kTkN1dG5MdFFRSy1TWXYzb21zNjVxRW1ZZU5qb3FhQ0tuZXVpTUJ1X3RJQmJZQzQ4QzFmeGw4bEFyQXJMaXJ5S3czbUxsZWpOVzJReDkzMkNFSEtYY2NzTkZXUlotbU83Ny1NaTQtUGNVZDZVT0dmU09J?oc=5,"Sun, 23 Mar 2025 07:00:00 GMT",2025-05-08T14:06:18.111577,sustainable building materials
"Innovating for the future: USACE uses sustainable building materials for JBLM barracks, enhances Army’s climate resiliency goals - DVIDS",https://news.google.com/rss/articles/CBMi5AFBVV95cUxOX2UwU2lqOUxlQzJRSmRpRlJnazI1MkNQQUstUHhxZmFrSWUwWjdiSlBnMlphM3ZvemgwU19WbGxxSjBMajZjV2VtOEwzNHFLQTZpWmxqb1REQVNlc3ZRNmt1VWI2UDBFMldHb3laaGxRbEFoUXd4YnoyblRQcDkwaEpsQTM1ZHc2VC1WOEw1M1FrLXVUUmlpTHFEZ1VfYjBtd0M1T1Z3bWZOWU5hS0FvQzMteW9yT2tpSnQ1MkVmbG5lQXJDNUZuYjBVckszVmxzZTd5VVltMGlud3AxU1NVaUtlUHI?oc=5,"Fri, 16 Aug 2024 07:00:00 GMT",2025-05-08T14:06:18.111589,sustainable building materials
"Innovative, Sustainable Materials for SWFL Homes - Gulfshore Life",https://news.google.com/rss/articles/CBMijwFBVV95cUxNdnJyaXJYRUphZExTazl1UldPTmxGWE5pQjVFVThUSHJtMDhlZGJBTjV2WE1SX1RwZ3Q3RzFPSjRnemRfeS1HMzNucDBXSUZZZkRwNk5PWEs0ZTdhWm1XaHdsd1lvUGNIb2FZY3BPNnAwQkU0aFJ6THBWOFFJX3hVZXcwbVl4UkxrTW90NnVsWQ?oc=5,"Fri, 20 Sep 2024 07:00:00 GMT",2025-05-08T14:06:18.111601,sustainable building materials
Materials and circularity at Greenbuild 2024 - U.S. Green Building Council,https://news.google.com/rss/articles/CBMifEFVX3lxTFBiNWFEWGpZQmoxR2tvdlJrcF9WbktlQng4RzlkUWNVWWFvQjBTdWU1Vzk0V2hWbFNzaXZHNGIwdnBtOS1kbk5mMjVBNEtJcUFralhWOFJtUnN2eHFKc2hENzZiZDR5UGhWaEhkZzlCdHZiOVg0dks0RE54cjY?oc=5,"Mon, 16 Sep 2024 07:00:00 GMT",2025-05-08T14:06:18.111611,sustainable building materials
Latest Developments in Sustainable Building Insulation Materials - AZoCleantech,https://news.google.com/rss/articles/CBMiZ0FVX3lxTE11OEliQVdya3dJbDhDSE96RlNxb1pkVlQxOXMxaWxRVHk2am05cE5CeE1xbG5qODlaNnhMYkpzck9zMW5MY2NGYmZwUXZ3a1BmVmlBRTVtUXRwUEtxU1ZQRTlSNUZaYTQ?oc=5,"Tue, 12 Nov 2024 08:00:00 GMT",2025-05-08T14:06:18.111620,sustainable building materials
CRH On The Lookout For Innovations In New Sustainable Building Materials Accelerator - Carbon Herald,https://news.google.com/rss/articles/CBMirwFBVV95cUxQQ3o5TTl4WTFSYWFmZEI1dXUtZ3BxY2VEMkJ1OVFtVHVvWE9nNFBSdEdRb2dpMmdnaWNkYnNHTS1yZWpNRmRzWEFLZzY0YTVDd1hfbmtjR3JDVW9BMlE4R0dtUVJ2ekU0RzFyVlhQRzBMeFYyVzQ0WlJXckdXbVBabFBZTVB2VEdhOGRPeUxkWXkyRjR1LUpRY0NQTmNpWm1Talhrd1NvUmxkS3FMS3ZR?oc=5,"Tue, 22 Oct 2024 07:00:00 GMT",2025-05-08T14:06:18.111628,sustainable building materials
CRH Ventures launches sustainable building materials accelerator - World Bio Market Insights,https://news.google.com/rss/articles/CBMiogFBVV95cUxPVVk0LXNfVmJNQThhZW5KUHVkWTVDQkl3NFUtRlFLUV9yX3Y4V25XSWY4NkxzYnpHbEo1YnZ6dGdlZWxjZGx6Q2k0aHppUW1sRkxnOHh6NmlwQTVqendLdWl2UUhTeHc0aDZ1cUUwUElTMkNKdXUzOVR6TW80al9SOVdhdVJhX3RkcU02STdrR2hmdzM0LU9UdHk5dGt4RGgyMmc?oc=5,"Tue, 22 Oct 2024 07:00:00 GMT",2025-05-08T14:06:18.111639,sustainable building materials
Future cities built from molten lava: Innovative concept revealed - Interesting Engineering,https://news.google.com/rss/articles/CBMihgFBVV95cUxQQzRHZnBNVV9IX0ZxSXM5aHMxQzJqME96WUR5cEF2NjkyOVc2THBNUGpVSHpPdzU2elRQSW05cEEtTWhQM2llNV9YZ3VlXzQyTmFUdy05Qkc4TGV2bDc1Z3ZRd29LVGVGZ2VPdkVSNHBmODJ4NV9yaTNVbVY5T0NuRk5rOWhZZw?oc=5,"Mon, 16 Sep 2024 07:00:00 GMT",2025-05-08T14:06:18.111648,sustainable building materials
Advancing Low-Carbon Building Materials for Construction - Tech Briefs,https://news.google.com/rss/articles/CBMitgFBVV95cUxPODREV0R1cjNjdV92NG5ZSFl6aWl1YmcwSHRZVHl6M3pzc280NWxNOU9Ka0lLaG5Oa0V5MUlFZnAyeDNqbEZIZXE3SGx0aXhJV2ZKWGpuZjYydFpTbG9qQ1dwOG9SeW5CLVpONVV5TGE3eHF1Yzd5bGcyTllOeE83VWt1cFpKVlZxT1YzN0pBZUtPX3dqZE1BRGxzTU5HQlNxUzVoZ2NRcDBMaEVjTjFwc2lUd0VBUQ?oc=5,"Tue, 09 Jul 2024 07:00:00 GMT",2025-05-08T14:06:18.111657,sustainable building materials
"MainStreetChamber Holdings and Tellus Ecolution Launch MSC Wellness Builders, Elevating Isotex Wood-Cement Blocks as the Future of Fire-Resistant and Sustainable Construction - ACCESS Newswire",https://news.google.com/rss/articles/CBMi5AFBVV95cUxNM2I4WkNINkU0ZF9rNlk1M0UzaVJ1cHFfUWhhZjZUbGFIOVFKbmtNVGVSbmk1Qzg0R3NhNXRCYktMd0UzZlowc3I4UDRvRDRNTjBSSmxlbDcwVGd6TDlidzBqaEVXbWVoanVjZW1VUDRZLXFEaGY4X0xhMkhGdGJpWl9YV29LbDBrZWdCcVVHTDVkSkcwd0tGZXE5ZDlnLWk1aGc3eExNVjN0Z2VtVVVVWGE1NjRSbzBGS3pOM2ZTY3lRZUdfMVJvdmVkUWFGZ2FqLTNyWFZWNm0yWUxOZ0d5b2NGWDY?oc=5,"Tue, 06 May 2025 10:10:27 GMT",2025-05-08T14:06:18.111666,sustainable building materials
D5 digital circular workflow: five digital steps towards matchmaking for material reuse in construction - Nature,https://news.google.com/rss/articles/CBMiX0FVX3lxTE1EVFVRSkVGOEtCSkJodE92b3c5blg1dzJSTk9raTd5ZVpKaGdmN29xOC1HV1h2a0xWQWRhRmZvbU1XR1BOY3MyUUpnLTJIOFVPWV9IaTVWODRhWHdJUm5V?oc=5,"Fri, 01 Nov 2024 07:00:00 GMT",2025-05-08T14:06:18.111679,sustainable building materials
Kenya attains key milestone in sustainable buildings - standardmedia.co.ke,https://news.google.com/rss/articles/CBMisgFBVV95cUxOaHo3Vlk0OFVXRkdDSC1zYmRWNjNRUlpZS2ZseXNMSE1WcUx3Wll1SjkwZnRWdEl2SVJxZ2l3TmItZHdfT3BGUGlWajltUWV4emRjeFR2alVtWk0xU19xQ05zZnZCa2lwMUM1UnJUSVZpUHFkbWNGdzFpOXFxZFNrYktFR1diZk9leERZV1lyYVN0em53NW1vYXoySkNPSllieXVGOU1lSGZQZVNoN01pM3VB?oc=5,"Thu, 08 May 2025 03:00:00 GMT",2025-05-08T14:06:18.111687,sustainable building materials
USU Engineer Pioneers Sustainable Construction Techniques Using Microbial Materials - Utah State University,https://news.google.com/rss/articles/CBMitgFBVV95cUxQQkpha2FiR3QycGxkUWdkWDBubkJvMGRoNGh3MEZEeC0zSlQwamV0MkZkeWd5V29mYmdCX0tBSFRsWHZjUmMxSjB6MTl5XzJsd2p4MDlEQnBWcEEyYzRoc0lhNUZJSExZdk8yM0NiNTNaRXh1dVlXaDZfX2JPMU9qNS1aRlR4WlpqM1o0NnhINVZOWl9abHRwc0MzaVVyb19VeUNnX3lUXzA4UGlONHdkN1RaTjhqdw?oc=5,"Tue, 19 Nov 2024 08:00:00 GMT",2025-05-08T14:06:18.111697,sustainable building materials
Kingspan Joins Forces with Hydnum Steel in Strategic Green Steel Partnership - Sustainable Times,https://news.google.com/rss/articles/CBMitwFBVV95cUxQZUdTX1hOdDVVaFVxd0JvOEMzbFI2b21ZWEtxYkpEYUNVNW5TdExKaGNyNXZfZVNTMHVXUmpYV3VQS1pZcWlHQUp3WFFwX3UyblhFUEdIQlhOLUxPVy1aMUxPc0JOa2I3QUxiSkYxMzRVNnFsRjdQOThaYnh5VldtNWpZM2Fhc05MZDFVVmU4ZGl1R1l6d3ZUZVZ6WDBUOXNtS28xZVJoT1EyYlpESWc3TE1mUHU1UU0?oc=5,"Wed, 07 May 2025 12:22:17 GMT",2025-05-08T14:06:18.111717,sustainable building materials
Fly ash for sustainable construction - Nature,https://news.google.com/rss/articles/CBMiWEFVX3lxTE8zT3JXVGpzMVBBclFlLWIwQnNVNDN1eFZzY0prUnBWSmhiSlpCQkJjaHdVZTJuUWVsZDM4VGZoeW52SGFQczczQk96MnJwZ09DaW5Mb2hqRDI?oc=5,"Fri, 20 Dec 2024 12:21:11 GMT",2025-05-08T14:06:18.111727,sustainable building materials
"2025 Trends in Sustainable Building: Energy Efficiency, Circularity, and Climate Resilience - Environment+Energy Leader",https://news.google.com/rss/articles/CBMi2gFBVV95cUxPN19XeXRYMms2NFlVc1FMSG9RX1VkekpzS1NvVzNFVGx2SkZCYTl6MmtRWkkzOTUtYUdnQnJ5Wm42VXlyWGZ5MERzekVGOUFPa1g4WUo3ZUNqSDlBeU5pTkpOOTM0a25DZ3lreW5sdHBvVTlfR3dRZS1ZY2lVSTZMV1lNSGdHVGd0UGJweXc2TVZKM2pDZlpWOW5JR2I3TFVXa2lCRlcxY1QzdFJCaW9lcFFSQlNZZGpIaEVZdDRjVXVGcnU1SlVmUHk1UkpxVjlQTVBWc3Z0R3VEQQ?oc=5,"Thu, 16 Jan 2025 08:00:00 GMT",2025-05-08T14:06:18.111736,sustainable building materials
The Role of Sustainability in Construction - AZoBuild,https://news.google.com/rss/articles/CBMiYkFVX3lxTFBiRTl2cXlrVGdsU1FPdTRoVXk5WEdycGhKRkNrMEN0Rmo3aUo2YkIxQy02NmU4d3BvTURYUFRuR05UVWlhR1BuYzd4WXFMLVhyR2lINXFQeFJQV0Q3QVNFbVpR?oc=5,"Thu, 22 Aug 2024 07:00:00 GMT",2025-05-08T14:06:18.111746,sustainable building materials
Why a sustainable material changing the game in Europe hasn’t landed in the U.S. market - The Architect’s Newspaper,https://news.google.com/rss/articles/CBMivAFBVV95cUxOQ0NVcWNJckN3ck5tbXQtZTVHZThTVVJhdlVGcHAxdmg3NkVBdmRtQUtEZUtpczJyQk9xN1FDSVhzTzg4eDI5RmVXZE1QMXkyRFA4eGRxOTFKQ0ROTGI0V0JKYlhCam1XSFQzeU9leXk2UUMtMzhrOTFrNWwtaGl5ZjVZcWZpWTVVOGN4YkZPRkprNGwxcmxBdS1tMk9OTXlUVjNuemx5WnJVbUtJRFpSVTFDVTBPSUxBWHJLUQ?oc=5,"Thu, 30 May 2024 07:00:00 GMT",2025-05-08T14:06:18.111755,sustainable building materials
"Green Building Materials Market size is set to grow by USD 363 billion from 2024-2028, Rising need for energy-efficient green buildings to boost the market growth, Technavio - PR Newswire",https://news.google.com/rss/articles/CBMiywJBVV95cUxPVXpqZ1dUVkg0d0o5Um5rRTlSbjc2N2J3bWVieHZ2ck5aUU1BRlZSZUxFV20wSzhsR2NaMWZhTER1RTlMeExwYXVXUldJbUpZUG5HX2ZzcDNKWkRwd3hzSEFrcEN3ZHRtZGhUUVhOcFAtcy1qQkl2M2JiT09QXzJOVGpNa2JHZ1JJSmtVTXNjdmIxdnQtTTJ6ZHNFc3FZcmROc3dlWC13VW5vY3BodTdMMG9Tc0hNQTBhaEdaT0o4bXAxckVRcHRoR1RETmdzYUJYSGNFbXYteUh2WC1PTmc5MUxMYU5YRTBhaWFKMUFaams2bTJaa2pBcDY4SXRnMGFDSDF4OFc0UURaTlBPRXhjZUNqYThZV1NTeUxqM0xNd3BmaExSc19HU3hFalhDcVMyN1pMZ0pEeTdFOEdSYW5BQ3NwbU03d0hQZ2Zr?oc=5,"Tue, 02 Jul 2024 07:00:00 GMT",2025-05-08T14:06:18.111766,sustainable building materials
Sustainable architecture: 46 innovative and inspiring building designs - wallpaper.com,https://news.google.com/rss/articles/CBMif0FVX3lxTE5wakUxSjdITm1GZks4WERGMld5U0I5VFIxb284V1hPNXBxX3hURGZmZjhKVVVEQThsZXhldXk5U2hJdHRGVTRpZjZiX1IxX05rUlVNZHMzZkp1ZXJYa2tHQ1FQZ1ROcElseHhyYXhZTXdKU3RJWVV2dUxiSWpxVzg?oc=5,"Fri, 10 Jan 2025 08:00:00 GMT",2025-05-08T14:06:18.111780,sustainable building materials
Industrial Calcium Byproduct Waste: Sustainable Construction Materials for Building Applications - ACS Publications,https://news.google.com/rss/articles/CBMiakFVX3lxTE5nbTM0akdBSUJzQ0dTX29KOVhlZUNYTVpCNHd0a3lxbmcxdkZuOGFtNVdNelJZNnE2M0xTeE0xQm5oSUN2Mi1HNDFISkREdG41WHVfY0JOVG5QaXhHaklwLXQ4WGQ0QkNudFE?oc=5,"Thu, 09 Jan 2025 08:00:00 GMT",2025-05-08T14:06:18.111789,sustainable building materials
Alternative materials for building construction - Nature,https://news.google.com/rss/articles/CBMiWEFVX3lxTFBUWFVvN1cwenF6SFpQQ3hRRjJVY3YtWEhFcVItWU1wZWY3MDBRX1A5cHZJa2FPVnZjeDdZc3N3eXExZFRVVUFvSEVjNzZkNHc3T1p1WktLR18?oc=5,"Fri, 29 Nov 2024 18:22:03 GMT",2025-05-08T14:06:18.111798,sustainable building materials
California College of the Arts students engineer eggshells into sustainable building material - ABC7 San Francisco,https://news.google.com/rss/articles/CBMirAFBVV95cUxPc09WeERrOEJ3emdSRHNLQWlSckl0bHZqRHhQRHVmQU5aZFBETUxjdWUtZHBhQTQ4MEZhYXE3eS1wX3V2NDBkX1NyYzN4ZzNlOWtfMG4tajZGbHpCaHFfQ0ZMbUdoc19pVE1PVWliaTNfVmdnazJQbzFWSHJ4anotcnRTMTVqaC1JckRhbEM3Y2ZqelY4UkVaaU9VU0VNbHJ6X2c0Ml9hNUxLVW1U0gGyAUFVX3lxTE9RMzV0ckpDallrSDJhcGIxbDlPUmpLa1JsNGVJcVVfNDlPRjVrTVBaRl9qblJ5Y1ZGX2hEenhVd2tUNC1meWpweEZvNVpPSVk0TVlsMGxnSV9GaVRvb2pxcnF1eHJEWUVwMV9RWXhmYmtrNGFuNlFoYUc2NkdPMkhMc1pxWkxaMTIydFlUb0Yta0JPa2haQjdkcVNyYmRldkRfVmR4LUtrdV82S2tUUWFrRnc?oc=5,"Sat, 27 Jul 2024 07:00:00 GMT",2025-05-08T14:06:18.111806,sustainable building materials
Hempcrete Offers Eco-Friendly Construction Solution - AZoBuild,https://news.google.com/rss/articles/CBMiW0FVX3lxTE03dlk3TW1YUy1zbkN1anVmYU5SWUlJbFpYd05JS1R6cnpGQ1RyaGNBU2dibWNNeDEwd0RDWVFHWEdRcVg2T0tUNEpRam9NQU1laXdtbEh3UWxXcFU?oc=5,"Wed, 25 Sep 2024 07:00:00 GMT",2025-05-08T14:06:18.111823,sustainable building materials
Iceland’s National Pavilion at Venice Architecture Biennale Explores Lava as Sustainable Building Material - ArchDaily,https://news.google.com/rss/articles/CBMi1gFBVV95cUxNdXpDZDZRYVA4VmU4MWdIdXZjSzBEaEJJS1JuVXpJTTRXVUhkRlpJYVl2ZHBzZThEOGFhRjJSZm1Cdl81dFZvZGdxM0NmajE1THg5ZThiM0Vhb0lhcm1mSGlhaDN5MmVTTGtNaFdVWFFhcjhzVTlWSzItWmFnYXV4cUNUeDh2dFl1NWt4X1dyUjIyUTdSaUtuSUhmWmVBWENieEVMT19ua1BYLXpoQmsyV1FJcHB3c255bnNwYjRfSmtrVEMtOHlaT2hjT3M4ei1UWFBNTkNn?oc=5,"Mon, 28 Oct 2024 07:00:00 GMT",2025-05-08T14:06:18.111831,sustainable building materials
